Tick,Aircraft X,Aircraft Y,Aircraft Heading,A1,A2,A3,A4,Radar X,Radar Y,Radar Azimuth,Radar RPM
0,1100,700,79.58884614432039,-85,-85,-85,-85,1350,700,18.603541149556957,16.38645061618698
1,1100,700,79.58884614432039,-85,-85,-85,-85,1350,700,34.98999176574394,16.38645061618698
2,1100,700,79.58884614432039,-85,-85,-85,-85,1350,700,51.376442381930914,16.38645061618698
3,1100,700,79.58884614432039,-85,-85,-85,-85,1350,700,67.76289299811789,16.38645061618698
4,1100,700,79.58884614432039,-85,-85,-85,-85,1350,700,84.14934361430487,16.38645061618698
5,1100,700,79.58884614432039,-85,-85,-85,-85,1350,700,100.53579423049185,16.38645061618698
6,1100,700,79.58884614432039,-85,-85,-85,-85,1350,700,116.92224484667882,16.38645061618698
7,1100,700,79.58884614432039,-85,-85,-85,-85,1350,700,133.3086954628658,16.38645061618698
8,1100,700,79.58884614432039,-85,-85,-85,-85,1350,700,149.6951460790528,16.38645061618698
9,1100,700,79.58884614432039,-85,-85,22.496022074683278,23.553218972269416,1350,700,166.08159669523977,16.38645061618698
10,1100,700,79.58884614432039,-85,-85,25.452908776355446,25.684904084789974,1350,700,182.46804731142674,16.38645061618698
11,1100,700,79.58884614432039,-85,-85,26.077602459396946,26.053745949214605,1350,700,198.85449792761372,16.38645061618698
12,1100,700,79.58884614432039,-85,-85,25.361807294499556,24.92014212493214,1350,700,215.2409485438007,16.38645061618698
13,1100,700,79.58884614432039,-85,-85,22.170735458799452,20.97742610025735,1350,700,231.62739915998768,16.38645061618698
14,1100,700,79.58884614432039,-85,-85,-85,-85,1350,700,248.01384977617465,16.38645061618698
15,1100,700,79.58884614432039,-85,-85,-85,-85,1350,700,264.40030039236166,16.38645061618698
16,1100,700,79.58884614432039,-85,-85,-85,-85,1350,700,280.78675100854866,16.38645061618698
17,1100,700,79.58884614432039,-85,-85,-85,-85,1350,700,297.17320162473567,16.38645061618698
18,1100,700,79.58884614432039,-85,-85,-85,-85,1350,700,313.5596522409227,16.38645061618698
19,1100,700,79.58884614432039,-85,-85,-85,-85,1350,700,329.9461028571097,16.38645061618698
20,1100,700,79.58884614432039,-85,-85,-85,-85,1350,700,346.3325534732967,16.38645061618698
21,1100,700,79.58884614432039,-85,-85,-85,-85,1350,700,2.7190040894836898,16.38645061618698
22,1100,700,79.58884614432039,-85,-85,-85,-85,1350,700,19.10545470567067,16.38645061618698
23,1100,700,79.58884614432039,-85,-85,-85,-85,1350,700,35.49190532185765,16.38645061618698
24,1100,700,79.58884614432039,-85,-85,-85,-85,1350,700,51.878355938044635,16.38645061618698
25,1100,700,79.58884614432039,-85,-85,-85,-85,1350,700,68.26480655423161,16.38645061618698
26,1100,700,79.58884614432039,-85,-85,-85,-85,1350,700,84.65125717041859,16.38645061618698
27,1100,700,79.58884614432039,-85,-85,-85,-85,1350,700,101.03770778660557,16.38645061618698
28,1100,700,79.58884614432039,-85,-85,-85,-85,1350,700,117.42415840279254,16.38645061618698
29,1100,700,79.58884614432039,-85,-85,-85,-85,1350,700,133.81060901897953,16.38645061618698
30,1100,700,79.58884614432039,-85,-85,-85,11.505794098357505,1350,700,150.1970596351665,16.38645061618698
31,1100,700,79.58884614432039,-85,-85,22.793695368992218,23.553218972269416,1350,700,166.5835102513535,16.38645061618698
32,1100,700,79.58884614432039,-85,-85,25.452908776355446,25.684904084789974,1350,700,182.96996086754046,16.38645061618698
33,1100,700,79.58884614432039,-85,-85,26.074956048612798,26.035130213615616,1350,700,199.35641148372744,16.38645061618698
34,1100,700,79.58884614432039,-85,-85,25.263344594616918,24.92014212493214,1350,700,215.74286209991442,16.38645061618698
35,1100,700,79.58884614432039,-85,-85,22.170735458799452,20.48098321025059,1350,700,232.1293127161014,16.38645061618698
36,1100,700,79.58884614432039,-85,-85,-85,-85,1350,700,248.51576333228837,16.38645061618698
37,1100,700,79.58884614432039,-85,-85,-85,-85,1350,700,264.9022139484754,16.38645061618698
38,1100,700,79.58884614432039,-85,-85,-85,-85,1350,700,281.2886645646624,16.38645061618698
39,1100,700,79.58884614432039,-85,-85,-85,-85,1350,700,297.6751151808494,16.38645061618698
40,1100,700,79.58884614432039,-85,-85,-85,-85,1350,700,314.0615657970364,16.38645061618698
41,1100,700,79.58884614432039,-85,-85,-85,-85,1350,700,330.4480164132234,16.38645061618698
42,1100,700,79.58884614432039,-85,-85,-85,-85,1350,700,346.8344670294104,16.38645061618698
43,1100,700,79.58884614432039,-85,-85,-85,-85,1350,700,3.2209176455974102,16.38645061618698
44,1100,700,79.58884614432039,-85,-85,-85,-85,1350,700,19.60736826178439,16.38645061618698
45,1100,700,79.58884614432039,-85,-85,-85,-85,1350,700,35.99381887797137,16.38645061618698
46,1100,700,79.58884614432039,-85,-85,-85,-85,1350,700,52.380269494158355,16.38645061618698
47,1100,700,79.58884614432039,-85,-85,-85,-85,1350,700,68.76672011034533,16.38645061618698
48,1100,700,79.58884614432039,-85,-85,-85,-85,1350,700,85.15317072653231,16.38645061618698
49,1100,700,79.58884614432039,-85,-85,-85,-85,1350,700,101.53962134271929,16.38645061618698
50,1100,700,79.58884614432039,-85,-85,-85,-85,1350,700,117.92607195890626,16.38645061618698
51,1100,700,79.58884614432039,-85,-85,-85,-85,1350,700,134.31252257509325,16.38645061618698
52,1100,700,79.58884614432039,-85,-85,-85,11.505794098357505,1350,700,150.69897319128023,16.38645061618698
53,1100,700,79.58884614432039,-85,-85,22.793695368992218,23.769789312347285,1350,700,167.0854238074672,16.38645061618698
54,1100,700,79.58884614432039,-85,-85,25.536951728381826,25.7492610641292,1350,700,183.47187442365419,16.38645061618698
55,1100,700,79.58884614432039,-85,-85,26.074956048612798,26.035130213615616,1350,700,199.85832503984116,16.38645061618698
56,1100,700,79.58884614432039,-85,-85,25.263344594616918,24.788337040832293,1350,700,216.24477565602814,16.38645061618698
57,1100,700,79.58884614432039,-85,-85,21.81335663023087,20.48098321025059,1350,700,232.63122627221512,16.38645061618698
58,1100,700,79.58884614432039,-85,-85,-85,-85,1350,700,249.0176768884021,16.38645061618698
59,1100,700,79.58884614432039,-85,-85,-85,-85,1350,700,265.4041275045891,16.38645061618698
60,1100,700,79.58884614432039,-85,-85,-85,-85,1350,700,281.7905781207761,16.38645061618698
61,1100,700,79.58884614432039,-85,-85,-85,-85,1350,700,298.1770287369631,16.38645061618698
62,1100,700,79.58884614432039,-85,-85,-85,-85,1350,700,314.5634793531501,16.38645061618698
63,1100,700,79.58884614432039,-85,-85,-85,-85,1350,700,330.9499299693371,16.38645061618698
64,1100,700,79.58884614432039,-85,-85,-85,-85,1350,700,347.3363805855241,16.38645061618698
65,1100,700,79.58884614432039,-85,-85,-85,-85,1350,700,3.7228312017111307,16.38645061618698
66,1100,700,79.58884614432039,-85,-85,-85,-85,1350,700,20.10928181789811,16.38645061618698
67,1100,700,79.58884614432039,-85,-85,-85,-85,1350,700,36.49573243408509,16.38645061618698
68,1100,700,79.58884614432039,-85,-85,-85,-85,1350,700,52.882183050272076,16.38645061618698
69,1100,700,79.58884614432039,-85,-85,-85,-85,1350,700,69.26863366645905,16.38645061618698
70,1100,700,79.58884614432039,-85,-85,-85,-85,1350,700,85.65508428264603,16.38645061618698
71,1100,700,79.58884614432039,-85,-85,-85,-85,1350,700,102.041534898833,16.38645061618698
72,1100,700,79.58884614432039,-85,-85,-85,-85,1350,700,118.42798551501998,16.38645061618698
73,1100,700,79.58884614432039,-85,-85,-85,-85,1350,700,134.81443613120697,16.38645061618698
74,1100,700,79.58884614432039,-85,-85,-85,14.513447644213304,1350,700,151.20088674739395,16.38645061618698
75,1100,700,79.58884614432039,-85,-85,23.06730250275713,23.769789312347285,1350,700,167.58733736358093,16.38645061618698
76,1100,700,79.58884614432039,-85,-85,25.536951728381826,25.7492610641292,1350,700,183.9737879797679,16.38645061618698
77,1100,700,79.58884614432039,-85,-85,26.067010357935978,26.011117049096303,1350,700,200.36023859595488,16.38645061618698
78,1100,700,79.58884614432039,-85,-85,25.157178905256924,24.788337040832293,1350,700,216.74668921214186,16.38645061618698
79,1100,700,79.58884614432039,-85,-85,21.81335663023087,19.914354227256315,1350,700,233.13313982832884,16.38645061618698
80,1100,700,79.58884614432039,-85,-85,-85,-85,1350,700,249.5195904445158,16.38645061618698
81,1100,700,79.58884614432039,-85,-85,-85,-85,1350,700,265.9060410607028,16.38645061618698
82,1100,700,79.58884614432039,-85,-85,-85,-85,1350,700,282.2924916768898,16.38645061618698
83,1100,700,79.58884614432039,-85,-85,-85,-85,1350,700,298.67894229307683,16.38645061618698
84,1100,700,79.58884614432039,-85,-85,-85,-85,1350,700,315.06539290926384,16.38645061618698
85,1100,700,79.58884614432039,-85,-85,-85,-85,1350,700,331.45184352545084,16.38645061618698
86,1100,700,79.58884614432039,-85,-85,-85,-85,1350,700,347.83829414163785,16.38645061618698
87,1100,700,79.58884614432039,-85,-85,-85,-85,1350,700,4.224744757824851,16.38645061618698
88,1100,700,79.58884614432039,-85,-85,-85,-85,1350,700,20.61119537401183,16.38645061618698
89,1100,700,79.58884614432039,-85,-85,-85,-85,1350,700,36.99764599019881,16.38645061618698
90,1100,700,79.58884614432039,-85,-85,-85,-85,1350,700,53.384096606385796,16.38645061618698
91,1100,700,79.58884614432039,-85,-85,-85,-85,1350,700,69.77054722257277,16.38645061618698
92,1100,700,79.58884614432039,-85,-85,-85,-85,1350,700,86.15699783875975,16.38645061618698
93,1100,700,79.58884614432039,-85,-85,-85,-85,1350,700,102.54344845494673,16.38645061618698
94,1100,700,79.58884614432039,-85,-85,-85,-85,1350,700,118.9298990711337,16.38645061618698
95,1100,700,79.58884614432039,-85,-85,-85,-85,1350,700,135.3163496873207,16.38645061618698
96,1100,700,79.58884614432039,-85,-85,-85,14.513447644213304,1350,700,151.70280030350767,16.38645061618698
97,1100,700,79.58884614432039,-85,-85,23.06730250275713,23.971022246457757,1350,700,168.08925091969465,16.38645061618698
98,1100,700,79.58884614432039,-85,-85,25.614204328866276,25.80746062382631,1350,700,184.47570153588163,16.38645061618698
99,1100,700,79.58884614432039,-85,-85,26.067010357935978,26.011117049096303,1350,700,200.8621521520686,16.38645061618698
100,1100,700,79.58884614432039,-85,-85,25.157178905256924,24.646943359767004,1350,700,217.24860276825558,16.38645061618698
101,1100,700,79.58884614432039,-85,-85,21.418119305852123,19.914354227256315,1350,700,233.63505338444256,16.38645061618698
102,1100,700,79.58884614432039,-85,-85,-85,-85,1350,700,250.02150400062953,16.38645061618698
103,1100,700,79.58884614432039,-85,-85,-85,-85,1350,700,266.40795461681654,16.38645061618698
104,1100,700,79.58884614432039,-85,-85,-85,-85,1350,700,282.79440523300354,16.38645061618698
105,1100,700,79.58884614432039,-85,-85,-85,-85,1350,700,299.18085584919055,16.38645061618698
106,1100,700,79.58884614432039,-85,-85,-85,-85,1350,700,315.56730646537756,16.38645061618698
107,1100,700,79.58884614432039,-85,-85,-85,-85,1350,700,331.95375708156456,16.38645061618698
108,1100,700,79.58884614432039,-85,-85,-85,-85,1350,700,348.34020769775157,16.38645061618698
109,1100,700,79.58884614432039,-85,-85,-85,-85,1350,700,4.726658313938572,16.38645061618698
110,1100,700,79.58884614432039,-85,-85,-85,-85,1350,700,21.113108930125552,16.38645061618698
111,1100,700,79.58884614432039,-85,-85,-85,-85,1350,700,37.49955954631253,16.38645061618698
112,1100,700,79.58884614432039,-85,-85,-85,-85,1350,700,53.88601016249952,16.38645061618698
113,1100,700,79.58884614432039,-85,-85,-85,-85,1350,700,70.2724607786865,16.38645061618698
114,1100,700,79.58884614432039,-85,-85,-85,-85,1350,700,86.65891139487347,16.38645061618698
115,1100,700,79.58884614432039,-85,-85,-85,-85,1350,700,103.04536201106045,16.38645061618698
116,1100,700,79.58884614432039,-85,-85,-85,-85,1350,700,119.43181262724742,16.38645061618698
117,1100,700,79.58884614432039,-85,-85,-85,-85,1350,700,135.81826324343442,16.38645061618698
118,1100,700,79.58884614432039,-85,-85,-85,16.269948115724727,1350,700,152.2047138596214,16.38645061618698
119,1100,700,79.58884614432039,-85,-85,23.31969953712386,23.971022246457757,1350,700,168.59116447580837,16.38645061618698
120,1100,700,79.58884614432039,-85,-85,25.614204328866276,25.80746062382631,1350,700,184.97761509199535,16.38645061618698
121,1100,700,79.58884614432039,-85,-85,26.053745949214605,25.9816463993744,1350,700,201.36406570818232,16.38645061618698
122,1100,700,79.58884614432039,-85,-85,25.042923900792417,24.646943359767004,1350,700,217.7505163243693,16.38645061618698
123,1100,700,79.58884614432039,-85,-85,21.418119305852123,19.25639156218219,1350,700,234.13696694055628,16.38645061618698
124,1100,700,79.58884614432039,-85,-85,-85,-85,1350,700,250.52341755674325,16.38645061618698
125,1100,700,79.58884614432039,-85,-85,-85,-85,1350,700,266.90986817293026,16.38645061618698
126,1100,700,79.58884614432039,-85,-85,-85,-85,1350,700,283.29631878911727,16.38645061618698
127,1100,700,79.58884614432039,-85,-85,-85,-85,1350,700,299.68276940530427,16.38645061618698
128,1100,700,79.58884614432039,-85,-85,-85,-85,1350,700,316.0692200214913,16.38645061618698
129,1100,700,79.58884614432039,-85,-85,-85,-85,1350,700,332.4556706376783,16.38645061618698
130,1100,700,79.58884614432039,-85,-85,-85,-85,1350,700,348.8421212538653,16.38645061618698
131,1100,700,79.58884614432039,-85,-85,-85,-85,1350,700,5.228571870052292,16.38645061618698
132,1100,700,79.58884614432039,-85,-85,-85,-85,1350,700,21.615022486239273,16.38645061618698
133,1100,700,79.58884614432039,-85,-85,-85,-85,1350,700,38.00147310242625,16.38645061618698
134,1100,700,79.58884614432039,-85,-85,-85,-85,1350,700,54.38792371861324,16.38645061618698
135,1100,700,79.58884614432039,-85,-85,-85,-85,1350,700,70.77437433480021,16.38645061618698
136,1100,700,79.58884614432039,-85,-85,-85,-85,1350,700,87.16082495098719,16.38645061618698
137,1100,700,79.58884614432039,-85,-85,-85,-85,1350,700,103.54727556717417,16.38645061618698
138,1100,700,79.58884614432039,-85,-85,-85,-85,1350,700,119.93372618336114,16.38645061618698
139,1100,700,79.58884614432039,-85,-85,-85,-85,1350,700,136.32017679954814,16.38645061618698
140,1100,700,79.58884614432039,-85,-85,-85,16.269948115724727,1350,700,152.7066274157351,16.38645061618698
141,1100,700,79.58884614432039,-85,-85,23.31969953712386,24.1582774269213,1350,700,169.0930780319221,16.38645061618698
142,1100,700,79.58884614432039,-85,-85,25.684904084789974,25.859665714847075,1350,700,185.47952864810907,16.38645061618698
143,1100,700,79.58884614432039,-85,-85,26.053745949214605,25.9816463993744,1350,700,201.86597926429604,16.38645061618698
144,1100,700,79.58884614432039,-85,-85,25.042923900792417,24.495315191602927,1350,700,218.25242988048302,16.38645061618698
145,1100,700,79.58884614432039,-85,-85,20.97742610025735,19.25639156218219,1350,700,234.63888049667,16.38645061618698
146,1100,700,79.58884614432039,-85,-85,-85,-85,1350,700,251.02533111285697,16.38645061618698
147,1100,700,79.58884614432039,-85,-85,-85,-85,1350,700,267.411781729044,16.38645061618698
148,1100,700,79.58884614432039,-85,-85,-85,-85,1350,700,283.798232345231,16.38645061618698
149,1100,700,79.58884614432039,-85,-85,-85,-85,1350,700,300.184682961418,16.38645061618698
150,1100,700,79.58884614432039,-85,-85,-85,-85,1350,700,316.571133577605,16.38645061618698
151,1100,700,79.58884614432039,-85,-85,-85,-85,1350,700,332.957584193792,16.38645061618698
152,1100,700,79.58884614432039,-85,-85,-85,-85,1350,700,349.344034809979,16.38645061618698
153,1100,700,79.58884614432039,-85,-85,-85,-85,1350,700,5.7304854261660125,16.38645061618698
154,1100,700,79.58884614432039,-85,-85,-85,-85,1350,700,22.116936042352993,16.38645061618698
155,1100,700,79.58884614432039,-85,-85,-85,-85,1350,700,38.50338665853997,16.38645061618698
156,1100,700,79.58884614432039,-85,-85,-85,-85,1350,700,54.88983727472696,16.38645061618698
157,1100,700,79.58884614432039,-85,-85,-85,-85,1350,700,71.27628789091393,16.38645061618698
158,1100,700,79.58884614432039,-85,-85,-85,-85,1350,700,87.66273850710091,16.38645061618698
159,1100,700,79.58884614432039,-85,-85,-85,-85,1350,700,104.04918912328789,16.38645061618698
160,1100,700,79.58884614432039,-85,-85,-85,-85,1350,700,120.43563973947487,16.38645061618698
161,1100,700,79.58884614432039,-85,-85,-85,-85,1350,700,136.82209035566186,16.38645061618698
162,1100,700,79.58884614432039,-85,-85,-85,17.513155499392102,1350,700,153.20854097184883,16.38645061618698
163,1100,700,79.58884614432039,-85,-85,23.553218972269416,24.1582774269213,1350,700,169.5949915880358,16.38645061618698
164,1100,700,79.58884614432039,-85,-85,25.684904084789974,25.859665714847075,1350,700,185.9814422042228,16.38645061618698
165,1100,700,79.58884614432039,-85,-85,26.035130213615616,25.946643644493044,1350,700,202.36789282040976,16.38645061618698
166,1100,700,79.58884614432039,-85,-85,24.92014212493214,24.495315191602927,1350,700,218.75434343659674,16.38645061618698
167,1100,700,79.58884614432039,-85,-85,20.97742610025735,18.474304759512954,1350,700,235.14079405278372,16.38645061618698
168,1100,700,79.58884614432039,-85,-85,-85,-85,1350,700,251.5272446689707,16.38645061618698
169,1100,700,79.58884614432039,-85,-85,-85,-85,1350,700,267.9136952851577,16.38645061618698
170,1100,700,79.58884614432039,-85,-85,-85,-85,1350,700,284.3001459013447,16.38645061618698
171,1100,700,79.58884614432039,-85,-85,-85,-85,1350,700,300.6865965175317,16.38645061618698
172,1100,700,79.58884614432039,-85,-85,-85,-85,1350,700,317.0730471337187,16.38645061618698
173,1100,700,79.58884614432039,-85,-85,-85,-85,1350,700,333.4594977499057,16.38645061618698
174,1100,700,79.58884614432039,-85,-85,-85,-85,1350,700,349.8459483660927,16.38645061618698
175,1100,700,79.58884614432039,-85,-85,-85,-85,1350,700,6.232398982279733,16.38645061618698
176,1100,700,79.58884614432039,-85,-85,-85,-85,1350,700,22.618849598466714,16.38645061618698
177,1100,700,79.58884614432039,-85,-85,-85,-85,1350,700,39.005300214653694,16.38645061618698
178,1100,700,79.58884614432039,-85,-85,-85,-85,1350,700,55.39175083084068,16.38645061618698
179,1100,700,79.58884614432039,-85,-85,-85,-85,1350,700,71.77820144702766,16.38645061618698
180,1100,700,79.58884614432039,-85,-85,-85,-85,1350,700,88.16465206321463,16.38645061618698
181,1100,700,79.58884614432039,-85,-85,-85,-85,1350,700,104.55110267940161,16.38645061618698
182,1100,700,79.58884614432039,-85,-85,-85,-85,1350,700,120.93755329558859,16.38645061618698
183,1100,700,79.58884614432039,-85,-85,-85,-85,1350,700,137.32400391177558,16.38645061618698
184,1100,700,79.58884614432039,-85,-85,11.505794098357505,17.513155499392102,1350,700,153.71045452796255,16.38645061618698
185,1100,700,79.58884614432039,-85,-85,23.553218972269416,24.33271141113945,1350,700,170.09690514414953,16.38645061618698
186,1100,700,79.58884614432039,-85,-85,25.7492610641292,25.906018829630398,1350,700,186.4833557603365,16.38645061618698
187,1100,700,79.58884614432039,-85,-85,26.035130213615616,25.946643644493044,1350,700,202.86980637652348,16.38645061618698
188,1100,700,79.58884614432039,-85,-85,24.92014212493214,24.332711411139446,1350,700,219.25625699271046,16.38645061618698
189,1100,700,79.58884614432039,-85,-85,20.48098321025059,18.474304759512954,1350,700,235.64270760889744,16.38645061618698
190,1100,700,79.58884614432039,-85,-85,-85,-85,1350,700,252.02915822508442,16.38645061618698
191,1100,700,79.58884614432039,-85,-85,-85,-85,1350,700,268.4156088412714,16.38645061618698
192,1100,700,79.58884614432039,-85,-85,-85,-85,1350,700,284.8020594574584,16.38645061618698
193,1100,700,79.58884614432039,-85,-85,-85,-85,1350,700,301.18851007364543,16.38645061618698
194,1100,700,79.58884614432039,-85,-85,-85,-85,1350,700,317.57496068983244,16.38645061618698
195,1100,700,79.58884614432039,-85,-85,-85,-85,1350,700,333.96141130601944,16.38645061618698
196,1100,700,79.58884614432039,-85,-85,-85,-85,1350,700,350.34786192220645,16.38645061618698
197,1100,700,79.58884614432039,-85,-85,-85,-85,1350,700,6.7343125383934535,16.38645061618698
198,1100,700,79.58884614432039,-85,-85,-85,-85,1350,700,23.120763154580434,16.38645061618698
199,1100,700,79.58884614432039,-85,-85,-85,-85,1350,700,39.507213770767414,16.38645061618698
200,1100,700,79.58884614432039,-85,-85,-85,-85,1350,700,55.8936643869544,16.38645061618698
201,1100,700,79.58884614432039,-85,-85,-85,-85,1350,700,72.28011500314138,16.38645061618698
202,1100,700,79.58884614432039,-85,-85,-85,-85,1350,700,88.66656561932835,16.38645061618698
203,1100,700,79.58884614432039,-85,-85,-85,-85,1350,700,105.05301623551533,16.38645061618698
204,1100,700,79.58884614432039,-85,-85,-85,-85,1350,700,121.4394668517023,16.38645061618698
205,1100,700,79.58884614432039,-85,-85,-85,-85,1350,700,137.8259174678893,16.38645061618698
206,1100,700,79.58884614432039,-85,-85,11.505794098357505,18.47430475951294,1350,700,154.21236808407627,16.38645061618698
207,1100,700,79.58884614432039,-85,-85,23.769789312347285,24.33271141113945,1350,700,170.59881870026325,16.38645061618698
208,1100,700,79.58884614432039,-85,-85,25.7492610641292,25.906018829630398,1350,700,186.98526931645023,16.38645061618698
209,1100,700,79.58884614432039,-85,-85,26.011117049096303,25.906018829630398,1350,700,203.3717199326372,16.38645061618698
210,1100,700,79.58884614432039,-85,-85,24.788337040832293,24.332711411139446,1350,700,219.75817054882418,16.38645061618698
211,1100,700,79.58884614432039,-85,-85,20.48098321025059,17.51315549939211,1350,700,236.14462116501116,16.38645061618698
212,1100,700,79.58884614432039,-85,-85,-85,-85,1350,700,252.53107178119814,16.38645061618698
213,1100,700,79.58884614432039,-85,-85,-85,-85,1350,700,268.91752239738514,16.38645061618698
214,1100,700,79.58884614432039,-85,-85,-85,-85,1350,700,285.30397301357215,16.38645061618698
215,1100,700,79.58884614432039,-85,-85,-85,-85,1350,700,301.69042362975915,16.38645061618698
216,1100,700,79.58884614432039,-85,-85,-85,-85,1350,700,318.07687424594616,16.38645061618698
217,1100,700,79.58884614432039,-85,-85,-85,-85,1350,700,334.46332486213316,16.38645061618698
218,1100,700,79.58884614432039,-85,-85,-85,-85,1350,700,350.84977547832017,16.38645061618698
219,1100,700,79.58884614432039,-85,-85,-85,-85,1350,700,7.236226094507174,16.38645061618698
220,1100,700,79.58884614432039,-85,-85,-85,-85,1350,700,23.622676710694154,16.38645061618698
221,1100,700,79.58884614432039,-85,-85,-85,-85,1350,700,40.009127326881135,16.38645061618698
222,1100,700,79.58884614432039,-85,-85,-85,-85,1350,700,56.39557794306812,16.38645061618698
223,1100,700,79.58884614432039,-85,-85,-85,-85,1350,700,72.7820285592551,16.38645061618698
224,1100,700,79.58884614432039,-85,-85,-85,-85,1350,700,89.16847917544207,16.38645061618698
225,1100,700,79.58884614432039,-85,-85,-85,-85,1350,700,105.55492979162905,16.38645061618698
226,1100,700,79.58884614432039,-85,-85,-85,-85,1350,700,121.94138040781603,16.38645061618698
227,1100,700,79.58884614432039,-85,-85,-85,-85,1350,700,138.32783102400302,16.38645061618698
228,1100,700,79.58884614432039,-85,-85,14.513447644213304,18.47430475951294,1350,700,154.71428164019,16.38645061618698
229,1100,700,79.58884614432039,-85,-85,23.769789312347285,24.495315191602927,1350,700,171.10073225637697,16.38645061618698
230,1100,700,79.58884614432039,-85,-85,25.80746062382631,25.946643644493044,1350,700,187.48718287256395,16.38645061618698
231,1100,700,79.58884614432039,-85,-85,26.011117049096303,25.906018829630398,1350,700,203.87363348875093,16.38645061618698
232,1100,700,79.58884614432039,-85,-85,24.788337040832293,24.1582774269213,1350,700,220.2600841049379,16.38645061618698
233,1100,700,79.58884614432039,-85,-85,19.914354227256315,17.51315549939211,1350,700,236.64653472112488,16.38645061618698
234,1100,700,79.58884614432039,-85,-85,-85,-85,1350,700,253.03298533731186,16.38645061618698
235,1100,700,79.58884614432039,-85,-85,-85,-85,1350,700,269.41943595349886,16.38645061618698
236,1100,700,79.58884614432039,-85,-85,-85,-85,1350,700,285.80588656968587,16.38645061618698
237,1100,700,79.58884614432039,-85,-85,-85,-85,1350,700,302.1923371858729,16.38645061618698
238,1100,700,79.58884614432039,-85,-85,-85,-85,1350,700,318.5787878020599,16.38645061618698
239,1100,700,79.58884614432039,-85,-85,-85,-85,1350,700,334.9652384182469,16.38645061618698
240,1100,700,79.58884614432039,-85,-85,-85,-85,1350,700,351.3516890344339,16.38645061618698
241,1100,700,79.58884614432039,-85,-85,-85,-85,1350,700,7.738139650620894,16.38645061618698
242,1100,700,79.58884614432039,-85,-85,-85,-85,1350,700,24.124590266807875,16.38645061618698
243,1100,700,79.58884614432039,-85,-85,-85,-85,1350,700,40.511040882994855,16.38645061618698
244,1100,700,79.58884614432039,-85,-85,-85,-85,1350,700,56.89749149918184,16.38645061618698
245,1100,700,79.58884614432039,-85,-85,-85,-85,1350,700,73.28394211536882,16.38645061618698
246,1100,700,79.58884614432039,-85,-85,-85,-85,1350,700,89.6703927315558,16.38645061618698
247,1100,700,79.58884614432039,-85,-85,-85,-85,1350,700,106.05684334774277,16.38645061618698
248,1100,700,79.58884614432039,-85,-85,-85,-85,1350,700,122.44329396392975,16.38645061618698
249,1100,700,79.58884614432039,-85,-85,-85,-85,1350,700,138.82974458011674,16.38645061618698
250,1100,700,79.58884614432039,-85,-85,14.513447644213304,19.25639156218217,1350,700,155.21619519630372,16.38645061618698
251,1100,700,79.58884614432039,-85,-85,23.971022246457757,24.495315191602927,1350,700,171.6026458124907,16.38645061618698
252,1100,700,79.58884614432039,-85,-85,25.80746062382631,25.946643644493044,1350,700,187.98909642867767,16.38645061618698
253,1100,700,79.58884614432039,-85,-85,25.9816463993744,25.859665714847075,1350,700,204.37554704486465,16.38645061618698
254,1100,700,79.58884614432039,-85,-85,24.646943359767004,24.1582774269213,1350,700,220.76199766105162,16.38645061618698
255,1100,700,79.58884614432039,-85,-85,19.914354227256315,16.269948115724716,1350,700,237.1484482772386,16.38645061618698
256,1100,700,79.58884614432039,-85,-85,-85,-85,1350,700,253.53489889342558,16.38645061618698
257,1100,700,79.58884614432039,-85,-85,-85,-85,1350,700,269.9213495096126,16.38645061618698
258,1100,700,79.58884614432039,-85,-85,-85,-85,1350,700,286.3078001257996,16.38645061618698
259,1100,700,79.58884614432039,-85,-85,-85,-85,1350,700,302.6942507419866,16.38645061618698
260,1100,700,79.58884614432039,-85,-85,-85,-85,1350,700,319.0807013581736,16.38645061618698
261,1100,700,79.58884614432039,-85,-85,-85,-85,1350,700,335.4671519743606,16.38645061618698
262,1100,700,79.58884614432039,-85,-85,-85,-85,1350,700,351.8536025905476,16.38645061618698
263,1100,700,79.58884614432039,-85,-85,-85,-85,1350,700,8.240053206734615,16.38645061618698
264,1100,700,79.58884614432039,-85,-85,-85,-85,1350,700,24.626503822921595,16.38645061618698
265,1100,700,79.58884614432039,-85,-85,-85,-85,1350,700,41.012954439108576,16.38645061618698
266,1100,700,79.58884614432039,-85,-85,-85,-85,1350,700,57.39940505529556,16.38645061618698
267,1100,700,79.58884614432039,-85,-85,-85,-85,1350,700,73.78585567148254,16.38645061618698
268,1100,700,79.58884614432039,-85,-85,-85,-85,1350,700,90.17230628766951,16.38645061618698
269,1100,700,79.58884614432039,-85,-85,-85,-85,1350,700,106.55875690385649,16.38645061618698
270,1100,700,79.58884614432039,-85,-85,-85,-85,1350,700,122.94520752004347,16.38645061618698
271,1100,700,79.58884614432039,-85,-85,-85,-85,1350,700,139.33165813623046,16.38645061618698
272,1100,700,79.58884614432039,-85,-85,16.269948115724727,19.25639156218217,1350,700,155.71810875241744,16.38645061618698
273,1100,700,79.58884614432039,-85,-85,23.971022246457757,24.646943359767004,1350,700,172.1045593686044,16.38645061618698
274,1100,700,79.58884614432039,-85,-85,25.859665714847075,25.9816463993744,1350,700,188.4910099847914,16.38645061618698
275,1100,700,79.58884614432039,-85,-85,25.9816463993744,25.859665714847075,1350,700,204.87746060097837,16.38645061618698
276,1100,700,79.58884614432039,-85,-85,24.646943359767004,23.97102224645776,1350,700,221.26391121716534,16.38645061618698
277,1100,700,79.58884614432039,-85,-85,19.25639156218219,16.269948115724716,1350,700,237.65036183335232,16.38645061618698
278,1100,700,79.58884614432039,-85,-85,-85,-85,1350,700,254.0368124495393,16.38645061618698
279,1100,700,79.58884614432039,-85,-85,-85,-85,1350,700,270.4232630657263,16.38645061618698
280,1100,700,79.58884614432039,-85,-85,-85,-85,1350,700,286.8097136819133,16.38645061618698
281,1100,700,79.58884614432039,-85,-85,-85,-85,1350,700,303.1961642981003,16.38645061618698
282,1100,700,79.58884614432039,-85,-85,-85,-85,1350,700,319.5826149142873,16.38645061618698
283,1100,700,79.58884614432039,-85,-85,-85,-85,1350,700,335.9690655304743,16.38645061618698
284,1100,700,79.58884614432039,-85,-85,-85,-85,1350,700,352.35551614666133,16.38645061618698
285,1100,700,79.58884614432039,-85,-85,-85,-85,1350,700,8.741966762848335,16.38645061618698
286,1100,700,79.58884614432039,-85,-85,-85,-85,1350,700,25.128417379035316,16.38645061618698
287,1100,700,79.58884614432039,-85,-85,-85,-85,1350,700,41.514867995222296,16.38645061618698
288,1100,700,79.58884614432039,-85,-85,-85,-85,1350,700,57.90131861140928,16.38645061618698
289,1100,700,79.58884614432039,-85,-85,-85,-85,1350,700,74.28776922759626,16.38645061618698
290,1100,700,79.58884614432039,-85,-85,-85,-85,1350,700,90.67421984378323,16.38645061618698
291,1100,700,79.58884614432039,-85,-85,-85,-85,1350,700,107.06067045997021,16.38645061618698
292,1100,700,79.58884614432039,-85,-85,-85,-85,1350,700,123.44712107615719,16.38645061618698
293,1100,700,79.58884614432039,-85,-85,-85,-85,1350,700,139.83357169234418,16.38645061618698
294,1100,700,79.58884614432039,-85,-85,16.269948115724727,19.91435422725632,1350,700,156.22002230853116,16.38645061618698
295,1100,700,79.58884614432039,-85,-85,24.1582774269213,24.646943359767004,1350,700,172.60647292471813,16.38645061618698
296,1100,700,79.58884614432039,-85,-85,25.859665714847075,25.9816463993744,1350,700,188.9929235409051,16.38645061618698
297,1100,700,79.58884614432039,-85,-85,25.946643644493044,25.807460623826316,1350,700,205.3793741570921,16.38645061618698
298,1100,700,79.58884614432039,-85,-85,24.495315191602927,23.97102224645776,1350,700,221.76582477327906,16.38645061618698
299,1100,700,79.58884614432039,-85,-85,19.25639156218219,14.513447644213265,1350,700,238.15227538946604,16.38645061618698
300,1100,700,79.58884614432039,-85,-85,-85,-85,1350,700,254.53872600565302,16.38645061618698
301,1100,700,79.58884614432039,-85,-85,-85,-85,1350,700,270.92517662184,16.38645061618698
302,1100,700,79.58884614432039,-85,-85,-85,-85,1350,700,287.31162723802703,16.38645061618698
303,1100,700,79.58884614432039,-85,-85,-85,-85,1350,700,303.69807785421403,16.38645061618698
304,1100,700,79.58884614432039,-85,-85,-85,-85,1350,700,320.08452847040104,16.38645061618698
305,1100,700,79.58884614432039,-85,-85,-85,-85,1350,700,336.47097908658804,16.38645061618698
306,1100,700,79.58884614432039,-85,-85,-85,-85,1350,700,352.85742970277505,16.38645061618698
307,1100,700,79.58884614432039,-85,-85,-85,-85,1350,700,9.243880318962056,16.38645061618698
308,1100,700,79.58884614432039,-85,-85,-85,-85,1350,700,25.630330935149036,16.38645061618698
309,1100,700,79.58884614432039,-85,-85,-85,-85,1350,700,42.01678155133602,16.38645061618698
310,1100,700,79.58884614432039,-85,-85,-85,-85,1350,700,58.403232167523,16.38645061618698
311,1100,700,79.58884614432039,-85,-85,-85,-85,1350,700,74.78968278370998,16.38645061618698
312,1100,700,79.58884614432039,-85,-85,-85,-85,1350,700,91.17613339989695,16.38645061618698
313,1100,700,79.58884614432039,-85,-85,-85,-85,1350,700,107.56258401608393,16.38645061618698
314,1100,700,79.58884614432039,-85,-85,-85,-85,1350,700,123.94903463227091,16.38645061618698
315,1100,700,79.58884614432039,-85,-85,-85,-85,1350,700,140.3354852484579,16.38645061618698
316,1100,700,79.58884614432039,-85,-85,17.513155499392102,19.91435422725632,1350,700,156.72193586464488,16.38645061618698
317,1100,700,79.58884614432039,-85,-85,24.1582774269213,24.78833704083229,1350,700,173.10838648083185,16.38645061618698
318,1100,700,79.58884614432039,-85,-85,25.906018829630398,26.011117049096303,1350,700,189.49483709701883,16.38645061618698
319,1100,700,79.58884614432039,-85,-85,25.946643644493044,25.807460623826316,1350,700,205.8812877132058,16.38645061618698
320,1100,700,79.58884614432039,-85,-85,24.495315191602927,23.769789312347285,1350,700,222.26773832939278,16.38645061618698
321,1100,700,79.58884614432039,-85,-85,18.474304759512954,14.513447644213265,1350,700,238.65418894557976,16.38645061618698
322,1100,700,79.58884614432039,-85,-85,-85,-85,1350,700,255.04063956176674,16.38645061618698
323,1100,700,79.58884614432039,-85,-85,-85,-85,1350,700,271.42709017795374,16.38645061618698
324,1100,700,79.58884614432039,-85,-85,-85,-85,1350,700,287.81354079414075,16.38645061618698
325,1100,700,79.58884614432039,-85,-85,-85,-85,1350,700,304.19999141032775,16.38645061618698
326,1100,700,79.58884614432039,-85,-85,-85,-85,1350,700,320.58644202651476,16.38645061618698
327,1100,700,79.58884614432039,-85,-85,-85,-85,1350,700,336.97289264270177,16.38645061618698
328,1100,700,79.58884614432039,-85,-85,-85,-85,1350,700,353.35934325888877,16.38645061618698
329,1100,700,79.58884614432039,-85,-85,-85,-85,1350,700,9.745793875075776,16.38645061618698
330,1100,700,79.58884614432039,-85,-85,-85,-85,1350,700,26.132244491262757,16.38645061618698
331,1100,700,79.58884614432039,-85,-85,-85,-85,1350,700,42.51869510744974,16.38645061618698
332,1100,700,79.58884614432039,-85,-85,-85,-85,1350,700,58.90514572363672,16.38645061618698
333,1100,700,79.58884614432039,-85,-85,-85,-85,1350,700,75.2915963398237,16.38645061618698
334,1100,700,79.58884614432039,-85,-85,-85,-85,1350,700,91.67804695601068,16.38645061618698
335,1100,700,79.58884614432039,-85,-85,-85,-85,1350,700,108.06449757219765,16.38645061618698
336,1100,700,79.58884614432039,-85,-85,-85,-85,1350,700,124.45094818838463,16.38645061618698
337,1100,700,79.58884614432039,-85,-85,-85,-85,1350,700,140.83739880457162,16.38645061618698
338,1100,700,79.58884614432039,-85,-85,17.513155499392102,20.48098321025059,1350,700,157.2238494207586,16.38645061618698
339,1100,700,79.58884614432039,-85,-85,24.33271141113945,24.78833704083229,1350,700,173.61030003694557,16.38645061618698
340,1100,700,79.58884614432039,-85,-85,25.906018829630398,26.011117049096303,1350,700,189.99675065313255,16.38645061618698
341,1100,700,79.58884614432039,-85,-85,25.906018829630398,25.7492610641292,1350,700,206.38320126931953,16.38645061618698
342,1100,700,79.58884614432039,-85,-85,24.332711411139446,23.769789312347285,1350,700,222.7696518855065,16.38645061618698
343,1100,700,79.58884614432039,-85,-85,18.474304759512954,11.50579409835762,1350,700,239.15610250169348,16.38645061618698
344,1100,700,79.58884614432039,-85,-85,-85,-85,1350,700,255.54255311788046,16.38645061618698
345,1100,700,79.58884614432039,-85,-85,-85,-85,1350,700,271.92900373406746,16.38645061618698
346,1100,700,79.58884614432039,-85,-85,-85,-85,1350,700,288.31545435025447,16.38645061618698
347,1100,700,79.58884614432039,-85,-85,-85,-85,1350,700,304.7019049664415,16.38645061618698
348,1100,700,79.58884614432039,-85,-85,-85,-85,1350,700,321.0883555826285,16.38645061618698
349,1100,700,79.58884614432039,-85,-85,-85,-85,1350,700,337.4748061988155,16.38645061618698
350,1100,700,79.58884614432039,-85,-85,-85,-85,1350,700,353.8612568150025,16.38645061618698
351,1100,700,79.58884614432039,-85,-85,-85,-85,1350,700,10.247707431189497,16.38645061618698
352,1100,700,79.58884614432039,-85,-85,-85,-85,1350,700,26.634158047376477,16.38645061618698
353,1100,700,79.58884614432039,-85,-85,-85,-85,1350,700,43.02060866356346,16.38645061618698
354,1100,700,79.58884614432039,-85,-85,-85,-85,1350,700,59.40705927975044,16.38645061618698
355,1100,700,79.58884614432039,-85,-85,-85,-85,1350,700,75.79350989593742,16.38645061618698
356,1100,700,79.58884614432039,-85,-85,-85,-85,1350,700,92.1799605121244,16.38645061618698
357,1100,700,79.58884614432039,-85,-85,-85,-85,1350,700,108.56641112831137,16.38645061618698
358,1100,700,79.58884614432039,-85,-85,-85,-85,1350,700,124.95286174449835,16.38645061618698
359,1100,700,79.58884614432039,-85,-85,-85,-85,1350,700,141.33931236068534,16.38645061618698
360,1100,700,79.58884614432039,-85,-85,18.47430475951294,20.48098321025059,1350,700,157.72576297687232,16.38645061618698
361,1100,700,79.58884614432039,-85,-85,24.33271141113945,24.92014212493214,1350,700,174.1122135930593,16.38645061618698
362,1100,700,79.58884614432039,-85,-85,25.946643644493044,26.035130213615616,1350,700,190.49866420924627,16.38645061618698
363,1100,700,79.58884614432039,-85,-85,25.906018829630398,25.7492610641292,1350,700,206.88511482543325,16.38645061618698
364,1100,700,79.58884614432039,-85,-85,24.332711411139446,23.553218972269416,1350,700,223.27156544162023,16.38645061618698
365,1100,700,79.58884614432039,-85,-85,17.51315549939211,11.50579409835762,1350,700,239.6580160578072,16.38645061618698
366,1100,700,79.58884614432039,-85,-85,-85,-85,1350,700,256.0444666739942,16.38645061618698
367,1100,700,79.58884614432039,-85,-85,-85,-85,1350,700,272.4309172901812,16.38645061618698
368,1100,700,79.58884614432039,-85,-85,-85,-85,1350,700,288.8173679063682,16.38645061618698
369,1100,700,79.58884614432039,-85,-85,-85,-85,1350,700,305.2038185225552,16.38645061618698
370,1100,700,79.58884614432039,-85,-85,-85,-85,1350,700,321.5902691387422,16.38645061618698
371,1100,700,79.58884614432039,-85,-85,-85,-85,1350,700,337.9767197549292,16.38645061618698
372,1100,700,79.58884614432039,-85,-85,-85,-85,1350,700,354.3631703711162,16.38645061618698
373,1100,700,79.58884614432039,-85,-85,-85,-85,1350,700,10.749620987303217,16.38645061618698
374,1100,700,79.58884614432039,-85,-85,-85,-85,1350,700,27.136071603490198,16.38645061618698
375,1100,700,79.58884614432039,-85,-85,-85,-85,1350,700,43.52252221967718,16.38645061618698
376,1100,700,79.58884614432039,-85,-85,-85,-85,1350,700,59.90897283586416,16.38645061618698
377,1100,700,79.58884614432039,-85,-85,-85,-85,1350,700,76.29542345205114,16.38645061618698
378,1100,700,79.58884614432039,-85,-85,-85,-85,1350,700,92.68187406823812,16.38645061618698
379,1100,700,79.58884614432039,-85,-85,-85,-85,1350,700,109.0683246844251,16.38645061618698
380,1100,700,79.58884614432039,-85,-85,-85,-85,1350,700,125.45477530061207,16.38645061618698
381,1100,700,79.58884614432039,-85,-85,-85,-85,1350,700,141.84122591679906,16.38645061618698
382,1100,700,79.58884614432039,-85,-85,18.47430475951294,20.97742610025734,1350,700,158.22767653298604,16.38645061618698
383,1100,700,79.58884614432039,-85,-85,24.495315191602927,24.92014212493214,1350,700,174.61412714917302,16.38645061618698
384,1100,700,79.58884614432039,-85,-85,25.946643644493044,26.035130213615616,1350,700,191.00057776536,16.38645061618698
385,1100,700,79.58884614432039,-85,-85,25.859665714847075,25.684904084789977,1350,700,207.38702838154697,16.38645061618698
386,1100,700,79.58884614432039,-85,-85,24.1582774269213,23.553218972269416,1350,700,223.77347899773395,16.38645061618698
387,1100,700,79.58884614432039,-85,-85,17.51315549939211,-85,1350,700,240.15992961392092,16.38645061618698
388,1100,700,79.58884614432039,-85,-85,-85,-85,1350,700,256.5463802301079,16.38645061618698
389,1100,700,79.58884614432039,-85,-85,-85,-85,1350,700,272.9328308462949,16.38645061618698
390,1100,700,79.58884614432039,-85,-85,-85,-85,1350,700,289.3192814624819,16.38645061618698
391,1100,700,79.58884614432039,-85,-85,-85,-85,1350,700,305.7057320786689,16.38645061618698
392,1100,700,79.58884614432039,-85,-85,-85,-85,1350,700,322.0921826948559,16.38645061618698
393,1100,700,79.58884614432039,-85,-85,-85,-85,1350,700,338.4786333110429,16.38645061618698
394,1100,700,79.58884614432039,-85,-85,-85,-85,1350,700,354.86508392722993,16.38645061618698
395,1100,700,79.58884614432039,-85,-85,-85,-85,1350,700,11.251534543416938,16.38645061618698
396,1100,700,79.58884614432039,-85,-85,-85,-85,1350,700,27.637985159603918,16.38645061618698
397,1100,700,79.58884614432039,-85,-85,-85,-85,1350,700,44.0244357757909,16.38645061618698
398,1100,700,79.58884614432039,-85,-85,-85,-85,1350,700,60.41088639197788,16.38645061618698
399,1100,700,79.58884614432039,-85,-85,-85,-85,1350,700,76.79733700816486,16.38645061618698
400,1100,700,79.58884614432039,-85,-85,-85,-85,1350,700,93.18378762435184,16.38645061618698
401,1100,700,79.58884614432039,-85,-85,-85,-85,1350,700,109.57023824053881,16.38645061618698
402,1100,700,79.58884614432039,-85,-85,-85,-85,1350,700,125.95668885672579,16.38645061618698
403,1100,700,79.58884614432039,-85,-85,-85,-85,1350,700,142.34313947291278,16.38645061618698
404,1100,700,79.58884614432039,-85,-85,19.25639156218217,20.97742610025734,1350,700,158.72959008909976,16.38645061618698
405,1100,700,79.58884614432039,-85,-85,24.495315191602927,25.042923900792417,1350,700,175.11604070528674,16.38645061618698
406,1100,700,79.58884614432039,-85,-85,25.9816463993744,26.053745949214605,1350,700,191.5024913214737,16.38645061618698
407,1100,700,79.58884614432039,-85,-85,25.859665714847075,25.684904084789977,1350,700,207.8889419376607,16.38645061618698
408,1100,700,79.58884614432039,-85,-85,24.1582774269213,23.319699537123853,1350,700,224.27539255384767,16.38645061618698
409,1100,700,79.58884614432039,-85,-85,16.269948115724716,-85,1350,700,240.66184317003464,16.38645061618698
410,1100,700,79.58884614432039,-85,-85,-85,-85,1350,700,257.0482937862216,16.38645061618698
411,1100,700,79.58884614432039,-85,-85,-85,-85,1350,700,273.4347444024086,16.38645061618698
412,1100,700,79.58884614432039,-85,-85,-85,-85,1350,700,289.82119501859563,16.38645061618698
413,1100,700,79.58884614432039,-85,-85,-85,-85,1350,700,306.20764563478264,16.38645061618698
414,1100,700,79.58884614432039,-85,-85,-85,-85,1350,700,322.59409625096964,16.38645061618698
415,1100,700,79.58884614432039,-85,-85,-85,-85,1350,700,338.98054686715665,16.38645061618698
416,1100,700,79.58884614432039,-85,-85,-85,-85,1350,700,355.36699748334365,16.38645061618698
417,1100,700,79.58884614432039,-85,-85,-85,-85,1350,700,11.753448099530658,16.38645061618698
418,1100,700,79.58884614432039,-85,-85,-85,-85,1350,700,28.13989871571764,16.38645061618698
419,1100,700,79.58884614432039,-85,-85,-85,-85,1350,700,44.52634933190462,16.38645061618698
420,1100,700,79.58884614432039,-85,-85,-85,-85,1350,700,60.9127999480916,16.38645061618698
421,1100,700,79.58884614432039,-85,-85,-85,-85,1350,700,77.29925056427858,16.38645061618698
422,1100,700,79.58884614432039,-85,-85,-85,-85,1350,700,93.68570118046556,16.38645061618698
423,1100,700,79.58884614432039,-85,-85,-85,-85,1350,700,110.07215179665253,16.38645061618698
424,1100,700,79.58884614432039,-85,-85,-85,-85,1350,700,126.45860241283951,16.38645061618698
425,1100,700,79.58884614432039,-85,-85,-85,-85,1350,700,142.8450530290265,16.38645061618698
426,1100,700,79.58884614432039,-85,-85,19.25639156218217,21.41811930585211,1350,700,159.23150364521348,16.38645061618698
427,1100,700,79.58884614432039,-85,-85,24.646943359767004,25.042923900792417,1350,700,175.61795426140046,16.38645061618698
428,1100,700,79.58884614432039,-85,-85,25.9816463993744,26.053745949214605,1350,700,192.00440487758743,16.38645061618698
429,1100,700,79.58884614432039,-85,-85,25.807460623826316,25.614204328866276,1350,700,208.3908554937744,16.38645061618698
430,1100,700,79.58884614432039,-85,-85,23.97102224645776,23.319699537123853,1350,700,224.7773061099614,16.38645061618698
431,1100,700,79.58884614432039,-85,-85,16.269948115724716,-85,1350,700,241.16375672614836,16.38645061618698
432,1100,700,79.58884614432039,-85,-85,-85,-85,1350,700,257.55020734233534,16.38645061618698
433,1100,700,79.58884614432039,-85,-85,-85,-85,1350,700,273.93665795852235,16.38645061618698
434,1100,700,79.58884614432039,-85,-85,-85,-85,1350,700,290.32310857470935,16.38645061618698
435,1100,700,79.58884614432039,-85,-85,-85,-85,1350,700,306.70955919089636,16.38645061618698
436,1100,700,79.58884614432039,-85,-85,-85,-85,1350,700,323.09600980708336,16.38645061618698
437,1100,700,79.58884614432039,-85,-85,-85,-85,1350,700,339.48246042327037,16.38645061618698
438,1100,700,79.58884614432039,-85,-85,-85,-85,1350,700,355.8689110394574,16.38645061618698
439,1100,700,79.58884614432039,-85,-85,-85,-85,1350,700,12.255361655644379,16.38645061618698
440,1100,700,79.58884614432039,-85,-85,-85,-85,1350,700,28.64181227183136,16.38645061618698
441,1100,700,79.58884614432039,-85,-85,-85,-85,1350,700,45.02826288801834,16.38645061618698
442,1100,700,79.58884614432039,-85,-85,-85,-85,1350,700,61.414713504205324,16.38645061618698
443,1100,700,79.58884614432039,-85,-85,-85,-85,1350,700,77.8011641203923,16.38645061618698
444,1100,700,79.58884614432039,-85,-85,-85,-85,1350,700,94.18761473657928,16.38645061618698
445,1100,700,79.58884614432039,-85,-85,-85,-85,1350,700,110.57406535276625,16.38645061618698
446,1100,700,79.58884614432039,-85,-85,-85,-85,1350,700,126.96051596895323,16.38645061618698
447,1100,700,79.58884614432039,-85,-85,-85,-85,1350,700,143.34696658514022,16.38645061618698
448,1100,700,79.58884614432039,-85,-85,19.91435422725632,21.41811930585211,1350,700,159.7334172013272,16.38645061618698
449,1100,700,79.58884614432039,-85,-85,24.646943359767004,25.157178905256924,1350,700,176.11986781751418,16.38645061618698
450,1100,700,79.58884614432039,-85,-85,26.011117049096303,26.067010357935978,1350,700,192.50631843370115,16.38645061618698
451,1100,700,79.58884614432039,-85,-85,25.807460623826316,25.614204328866276,1350,700,208.89276904988813,16.38645061618698
452,1100,700,79.58884614432039,-85,-85,23.97102224645776,23.067302502757133,1350,700,225.2792196660751,16.38645061618698
453,1100,700,79.58884614432039,-85,-85,14.513447644213265,-85,1350,700,241.66567028226208,16.38645061618698
454,1100,700,79.58884614432039,-85,-85,-85,-85,1350,700,258.05212089844906,16.38645061618698
455,1100,700,79.58884614432039,-85,-85,-85,-85,1350,700,274.43857151463607,16.38645061618698
456,1100,700,79.58884614432039,-85,-85,-85,-85,1350,700,290.8250221308231,16.38645061618698
457,1100,700,79.58884614432039,-85,-85,-85,-85,1350,700,307.2114727470101,16.38645061618698
458,1100,700,79.58884614432039,-85,-85,-85,-85,1350,700,323.5979233631971,16.38645061618698
459,1100,700,79.58884614432039,-85,-85,-85,-85,1350,700,339.9843739793841,16.38645061618698
460,1100,700,79.58884614432039,-85,-85,-85,-85,1350,700,356.3708245955711,16.38645061618698
461,1100,700,79.58884614432039,-85,-85,-85,-85,1350,700,12.757275211758099,16.38645061618698
462,1100,700,79.58884614432039,-85,-85,-85,-85,1350,700,29.14372582794508,16.38645061618698
463,1100,700,79.58884614432039,-85,-85,-85,-85,1350,700,45.53017644413206,16.38645061618698
464,1100,700,79.58884614432039,-85,-85,-85,-85,1350,700,61.916627060319044,16.38645061618698
465,1100,700,79.58884614432039,-85,-85,-85,-85,1350,700,78.30307767650602,16.38645061618698
466,1100,700,79.58884614432039,-85,-85,-85,-85,1350,700,94.689528292693,16.38645061618698
467,1100,700,79.58884614432039,-85,-85,-85,-85,1350,700,111.07597890887997,16.38645061618698
468,1100,700,79.58884614432039,-85,-85,-85,-85,1350,700,127.46242952506695,16.38645061618698
469,1100,700,79.58884614432039,-85,-85,-85,-85,1350,700,143.84888014125394,16.38645061618698
470,1100,700,79.58884614432039,-85,-85,19.91435422725632,21.813356630230874,1350,700,160.23533075744092,16.38645061618698
471,1100,700,79.58884614432039,-85,-85,24.78833704083229,25.157178905256924,1350,700,176.6217813736279,16.38645061618698
472,1100,700,79.58884614432039,-85,-85,26.011117049096303,26.067010357935978,1350,700,193.00823198981487,16.38645061618698
473,1100,700,79.58884614432039,-85,-85,25.7492610641292,25.536951728381826,1350,700,209.39468260600185,16.38645061618698
474,1100,700,79.58884614432039,-85,-85,23.769789312347285,23.067302502757133,1350,700,225.78113322218883,16.38645061618698
475,1100,700,79.58884614432039,-85,-85,14.513447644213265,-85,1350,700,242.1675838383758,16.38645061618698
476,1100,700,79.58884614432039,-85,-85,-85,-85,1350,700,258.5540344545628,16.38645061618698
477,1100,700,79.58884614432039,-85,-85,-85,-85,1350,700,274.9404850707498,16.38645061618698
478,1100,700,79.58884614432039,-85,-85,-85,-85,1350,700,291.3269356869368,16.38645061618698
479,1100,700,79.58884614432039,-85,-85,-85,-85,1350,700,307.7133863031238,16.38645061618698
480,1100,700,79.58884614432039,-85,-85,-85,-85,1350,700,324.0998369193108,16.38645061618698
481,1100,700,79.58884614432039,-85,-85,-85,-85,1350,700,340.4862875354978,16.38645061618698
482,1100,700,79.58884614432039,-85,-85,-85,-85,1350,700,356.8727381516848,16.38645061618698
483,1100,700,79.58884614432039,-85,-85,-85,-85,1350,700,13.25918876787182,16.38645061618698
484,1100,700,79.58884614432039,-85,-85,-85,-85,1350,700,29.6456393840588,16.38645061618698
485,1100,700,79.58884614432039,-85,-85,-85,-85,1350,700,46.03209000024578,16.38645061618698
486,1100,700,79.58884614432039,-85,-85,-85,-85,1350,700,62.418540616432765,16.38645061618698
487,1100,700,79.58884614432039,-85,-85,-85,-85,1350,700,78.80499123261974,16.38645061618698
488,1100,700,79.58884614432039,-85,-85,-85,-85,1350,700,95.19144184880672,16.38645061618698
489,1100,700,79.58884614432039,-85,-85,-85,-85,1350,700,111.5778924649937,16.38645061618698
490,1100,700,79.58884614432039,-85,-85,-85,-85,1350,700,127.96434308118067,16.38645061618698
491,1100,700,79.58884614432039,-85,-85,-85,-85,1350,700,144.35079369736766,16.38645061618698
492,1100,700,79.58884614432039,-85,-85,20.48098321025059,21.813356630230874,1350,700,160.73724431355464,16.38645061618698
493,1100,700,79.58884614432039,-85,-85,24.78833704083229,25.26334459461691,1350,700,177.12369492974162,16.38645061618698
494,1100,700,79.58884614432039,-85,-85,26.035130213615616,26.074956048612798,1350,700,193.5101455459286,16.38645061618698
495,1100,700,79.58884614432039,-85,-85,25.7492610641292,25.536951728381826,1350,700,209.89659616211557,16.38645061618698
496,1100,700,79.58884614432039,-85,-85,23.769789312347285,22.793695368992225,1350,700,226.28304677830255,16.38645061618698
497,1100,700,79.58884614432039,-85,-85,11.50579409835762,-85,1350,700,242.66949739448953,16.38645061618698
498,1100,700,79.58884614432039,-85,-85,-85,-85,1350,700,259.0559480106765,16.38645061618698
499,1100,700,79.58884614432039,-85,-85,-85,-85,1350,700,275.4423986268635,16.38645061618698
500,1100,700,79.58884614432039,-85,-85,-85,-85,1350,700,291.8288492430505,16.38645061618698
501,1100,700,79.58884614432039,-85,-85,-85,-85,1350,700,308.2152998592375,16.38645061618698
502,1100,700,79.58884614432039,-85,-85,-85,-85,1350,700,324.6017504754245,16.38645061618698
503,1100,700,79.58884614432039,-85,-85,-85,-85,1350,700,340.98820109161153,16.38645061618698
504,1100,700,79.58884614432039,-85,-85,-85,-85,1350,700,357.37465170779853,16.38645061618698
505,1100,700,79.58884614432039,-85,-85,-85,-85,1350,700,13.76110232398554,16.38645061618698
506,1100,700,79.58884614432039,-85,-85,-85,-85,1350,700,30.14755294017252,16.38645061618698
507,1100,700,79.58884614432039,-85,-85,-85,-85,1350,700,46.5340035563595,16.38645061618698
508,1100,700,79.58884614432039,-85,-85,-85,-85,1350,700,62.920454172546485,16.38645061618698
509,1100,700,79.58884614432039,-85,-85,-85,-85,1350,700,79.30690478873346,16.38645061618698
510,1100,700,79.58884614432039,-85,-85,-85,-85,1350,700,95.69335540492044,16.38645061618698
511,1100,700,79.58884614432039,-85,-85,-85,-85,1350,700,112.07980602110742,16.38645061618698
512,1100,700,79.58884614432039,-85,-85,-85,-85,1350,700,128.4662566372944,16.38645061618698
513,1100,700,79.58884614432039,-85,-85,-85,-85,1350,700,144.85270725348138,16.38645061618698
514,1100,700,79.58884614432039,-85,-85,20.48098321025059,22.170735458799452,1350,700,161.23915786966836,16.38645061618698
515,1100,700,79.58884614432039,-85,-85,24.92014212493214,25.26334459461691,1350,700,177.62560848585534,16.38645061618698
516,1100,700,79.58884614432039,-85,-85,26.035130213615616,26.074956048612798,1350,700,194.01205910204231,16.38645061618698
517,1100,700,79.58884614432039,-85,-85,25.684904084789977,25.452908776355446,1350,700,210.3985097182293,16.38645061618698
518,1100,700,79.58884614432039,-85,-85,23.553218972269416,22.793695368992225,1350,700,226.78496033441627,16.38645061618698
519,1100,700,79.58884614432039,-85,-85,11.50579409835762,-85,1350,700,243.17141095060325,16.38645061618698
520,1100,700,79.58884614432039,-85,-85,-85,-85,1350,700,259.5578615667902,16.38645061618698
521,1100,700,79.58884614432039,-85,-85,-85,-85,1350,700,275.9443121829772,16.38645061618698
522,1100,700,79.58884614432039,-85,-85,-85,-85,1350,700,292.33076279916423,16.38645061618698
523,1100,700,79.58884614432039,-85,-85,-85,-85,1350,700,308.71721341535124,16.38645061618698
524,1100,700,79.58884614432039,-85,-85,-85,-85,1350,700,325.10366403153824,16.38645061618698
525,1100,700,79.58884614432039,-85,-85,-85,-85,1350,700,341.49011464772525,16.38645061618698
526,1100,700,79.58884614432039,-85,-85,-85,-85,1350,700,357.87656526391225,16.38645061618698
527,1100,700,79.58884614432039,-85,-85,-85,-85,1350,700,14.26301588009926,16.38645061618698
528,1100,700,79.58884614432039,-85,-85,-85,-85,1350,700,30.64946649628624,16.38645061618698
529,1100,700,79.58884614432039,-85,-85,-85,-85,1350,700,47.03591711247322,16.38645061618698
530,1100,700,79.58884614432039,-85,-85,-85,-85,1350,700,63.422367728660205,16.38645061618698
531,1100,700,79.58884614432039,-85,-85,-85,-85,1350,700,79.80881834484718,16.38645061618698
532,1100,700,79.58884614432039,-85,-85,-85,-85,1350,700,96.19526896103416,16.38645061618698
533,1100,700,79.58884614432039,-85,-85,-85,-85,1350,700,112.58171957722114,16.38645061618698
534,1100,700,79.58884614432039,-85,-85,-85,-85,1350,700,128.96817019340813,16.38645061618698
535,1100,700,79.58884614432039,-85,-85,-85,-85,1350,700,145.3546208095951,16.38645061618698
536,1100,700,79.58884614432039,-85,-85,20.97742610025734,22.170735458799452,1350,700,161.74107142578208,16.38645061618698
537,1100,700,79.58884614432039,-85,-85,24.92014212493214,25.36180729449956,1350,700,178.12752204196906,16.38645061618698
538,1100,700,79.58884614432039,-85,-85,26.053745949214605,26.077602459396946,1350,700,194.51397265815604,16.38645061618698
539,1100,700,79.58884614432039,-85,-85,25.684904084789977,25.452908776355446,1350,700,210.900423274343,16.38645061618698
540,1100,700,79.58884614432039,-85,-85,23.553218972269416,22.496022074683278,1350,700,227.28687389053,16.38645061618698
541,1100,700,79.58884614432039,-85,-85,-85,-85,1350,700,243.67332450671697,16.38645061618698
542,1100,700,79.58884614432039,-85,-85,-85,-85,1350,700,260.05977512290394,16.38645061618698
543,1100,700,79.58884614432039,-85,-85,-85,-85,1350,700,276.44622573909095,16.38645061618698
544,1100,700,79.58884614432039,-85,-85,-85,-85,1350,700,292.83267635527795,16.38645061618698
545,1100,700,79.58884614432039,-85,-85,-85,-85,1350,700,309.21912697146496,16.38645061618698
546,1100,700,79.58884614432039,-85,-85,-85,-85,1350,700,325.60557758765196,16.38645061618698
547,1100,700,79.58884614432039,-85,-85,-85,-85,1350,700,341.99202820383897,16.38645061618698
548,1100,700,79.58884614432039,-85,-85,-85,-85,1350,700,358.378478820026,16.38645061618698
549,1100,700,79.58884614432039,-85,-85,-85,-85,1350,700,14.76492943621298,16.38645061618698
550,1100,700,79.58884614432039,-85,-85,-85,-85,1350,700,31.15138005239996,16.38645061618698
551,1100,700,79.58884614432039,-85,-85,-85,-85,1350,700,47.53783066858694,16.38645061618698
552,1100,700,79.58884614432039,-85,-85,-85,-85,1350,700,63.924281284773926,16.38645061618698
553,1100,700,79.58884614432039,-85,-85,-85,-85,1350,700,80.3107319009609,16.38645061618698
554,1100,700,79.58884614432039,-85,-85,-85,-85,1350,700,96.69718251714788,16.38645061618698
555,1100,700,79.58884614432039,-85,-85,-85,-85,1350,700,113.08363313333486,16.38645061618698
556,1100,700,79.58884614432039,-85,-85,-85,-85,1350,700,129.47008374952185,16.38645061618698
557,1100,700,79.58884614432039,-85,-85,-85,-85,1350,700,145.85653436570882,16.38645061618698
558,1100,700,79.58884614432039,-85,-85,20.97742610025734,22.496022074683278,1350,700,162.2429849818958,16.38645061618698
559,1100,700,79.58884614432039,-85,-85,25.042923900792417,25.36180729449956,1350,700,178.62943559808278,16.38645061618698
560,1100,700,79.58884614432039,-85,-85,26.053745949214605,26.077602459396946,1350,700,195.01588621426976,16.38645061618698
561,1100,700,79.58884614432039,-85,-85,25.614204328866276,25.361807294499556,1350,700,211.40233683045673,16.38645061618698
562,1100,700,79.58884614432039,-85,-85,23.319699537123853,22.496022074683278,1350,700,227.7887874466437,16.38645061618698
563,1100,700,79.58884614432039,-85,-85,-85,-85,1350,700,244.1752380628307,16.38645061618698
564,1100,700,79.58884614432039,-85,-85,-85,-85,1350,700,260.56168867901766,16.38645061618698
565,1100,700,79.58884614432039,-85,-85,-85,-85,1350,700,276.94813929520467,16.38645061618698
566,1100,700,79.58884614432039,-85,-85,-85,-85,1350,700,293.3345899113917,16.38645061618698
567,1100,700,79.58884614432039,-85,-85,-85,-85,1350,700,309.7210405275787,16.38645061618698
568,1100,700,79.58884614432039,-85,-85,-85,-85,1350,700,326.1074911437657,16.38645061618698
569,1100,700,79.58884614432039,-85,-85,-85,-85,1350,700,342.4939417599527,16.38645061618698
570,1100,700,79.58884614432039,-85,-85,-85,-85,1350,700,358.8803923761397,16.38645061618698
571,1100,700,79.58884614432039,-85,-85,-85,-85,1350,700,15.266842992326701,16.38645061618698
572,1100,700,79.58884614432039,-85,-85,-85,-85,1350,700,31.653293608513682,16.38645061618698
573,1100,700,79.58884614432039,-85,-85,-85,-85,1350,700,48.03974422470066,16.38645061618698
574,1100,700,79.58884614432039,-85,-85,-85,-85,1350,700,64.42619484088765,16.38645061618698
575,1100,700,79.58884614432039,-85,-85,-85,-85,1350,700,80.81264545707462,16.38645061618698
576,1100,700,79.58884614432039,-85,-85,-85,-85,1350,700,97.1990960732616,16.38645061618698
577,1100,700,79.58884614432039,-85,-85,-85,-85,1350,700,113.58554668944858,16.38645061618698
578,1100,700,79.58884614432039,-85,-85,-85,-85,1350,700,129.97199730563557,16.38645061618698
579,1100,700,79.58884614432039,-85,-85,-85,-85,1350,700,146.35844792182255,16.38645061618698
580,1100,700,79.58884614432039,-85,-85,21.41811930585211,22.496022074683278,1350,700,162.74489853800952,16.38645061618698
581,1100,700,79.58884614432039,-85,-85,25.042923900792417,25.452908776355446,1350,700,179.1313491541965,16.38645061618698
582,1100,700,79.58884614432039,-85,-85,26.067010357935978,26.077602459396946,1350,700,195.51779977038348,16.38645061618698
583,1100,700,79.58884614432039,-85,-85,25.614204328866276,25.361807294499556,1350,700,211.90425038657045,16.38645061618698
584,1100,700,79.58884614432039,-85,-85,23.319699537123853,22.170735458799452,1350,700,228.29070100275743,16.38645061618698
585,1100,700,79.58884614432039,-85,-85,-85,-85,1350,700,244.6771516189444,16.38645061618698
586,1100,700,79.58884614432039,-85,-85,-85,-85,1350,700,261.0636022351314,16.38645061618698
587,1100,700,79.58884614432039,-85,-85,-85,-85,1350,700,277.4500528513184,16.38645061618698
588,1100,700,79.58884614432039,-85,-85,-85,-85,1350,700,293.8365034675054,16.38645061618698
589,1100,700,79.58884614432039,-85,-85,-85,-85,1350,700,310.2229540836924,16.38645061618698
590,1100,700,79.58884614432039,-85,-85,-85,-85,1350,700,326.6094046998794,16.38645061618698
591,1100,700,79.58884614432039,-85,-85,-85,-85,1350,700,342.9958553160664,16.38645061618698
592,1100,700,79.58884614432039,-85,-85,-85,-85,1350,700,359.3823059322534,16.38645061618698
593,1100,700,79.58884614432039,-85,-85,-85,-85,1350,700,15.768756548440422,16.38645061618698
594,1100,700,79.58884614432039,-85,-85,-85,-85,1350,700,32.1552071646274,16.38645061618698
595,1100,700,79.58884614432039,-85,-85,-85,-85,1350,700,48.541657780814376,16.38645061618698
596,1100,700,79.58884614432039,-85,-85,-85,-85,1350,700,64.92810839700135,16.38645061618698
597,1100,700,79.58884614432039,-85,-85,-85,-85,1350,700,81.31455901318833,16.38645061618698
598,1100,700,79.58884614432039,-85,-85,-85,-85,1350,700,97.7010096293753,16.38645061618698
599,1100,700,79.58884614432039,-85,-85,-85,-85,1350,700,114.08746024556228,16.38645061618698
600,1100,700,79.58884614432039,-85,-85,-85,-85,1350,700,130.47391086174926,16.38645061618698
601,1100,700,79.58884614432039,-85,-85,-85,-85,1350,700,146.86036147793624,16.38645061618698
602,1100,700,79.58884614432039,-85,-85,21.41811930585211,22.793695368992218,1350,700,163.24681209412321,16.38645061618698
603,1100,700,79.58884614432039,-85,-85,25.157178905256924,25.452908776355446,1350,700,179.6332627103102,16.38645061618698
604,1100,700,79.58884614432039,-85,-85,26.067010357935978,26.077602459396946,1350,700,196.01971332649717,16.38645061618698
605,1100,700,79.58884614432039,-85,-85,25.536951728381826,25.263344594616918,1350,700,212.40616394268415,16.38645061618698
606,1100,700,79.58884614432039,-85,-85,23.067302502757133,22.170735458799452,1350,700,228.79261455887112,16.38645061618698
607,1100,700,79.58884614432039,-85,-85,-85,-85,1350,700,245.1790651750581,16.38645061618698
608,1100,700,79.58884614432039,-85,-85,-85,-85,1350,700,261.5655157912451,16.38645061618698
609,1100,700,79.58884614432039,-85,-85,-85,-85,1350,700,277.9519664074321,16.38645061618698
610,1100,700,79.58884614432039,-85,-85,-85,-85,1350,700,294.3384170236191,16.38645061618698
611,1100,700,79.58884614432039,-85,-85,-85,-85,1350,700,310.7248676398061,16.38645061618698
612,1100,700,79.58884614432039,-85,-85,-85,-85,1350,700,327.1113182559931,16.38645061618698
613,1100,700,79.58884614432039,-85,-85,-85,-85,1350,700,343.49776887218013,16.38645061618698
614,1100,700,79.58884614432039,-85,-85,-85,-85,1350,700,359.88421948836714,16.38645061618698
615,1100,700,79.58884614432039,-85,-85,-85,-85,1350,700,16.270670104554142,16.38645061618698
616,1100,700,79.58884614432039,-85,-85,-85,-85,1350,700,32.65712072074112,16.38645061618698
617,1100,700,79.58884614432039,-85,-85,-85,-85,1350,700,49.043571336928096,16.38645061618698
618,1100,700,79.58884614432039,-85,-85,-85,-85,1350,700,65.43002195311507,16.38645061618698
619,1100,700,79.58884614432039,-85,-85,-85,-85,1350,700,81.81647256930205,16.38645061618698
620,1100,700,79.58884614432039,-85,-85,-85,-85,1350,700,98.20292318548903,16.38645061618698
621,1100,700,79.58884614432039,-85,-85,-85,-85,1350,700,114.589373801676,16.38645061618698
622,1100,700,79.58884614432039,-85,-85,-85,-85,1350,700,130.97582441786298,16.38645061618698
623,1100,700,79.58884614432039,-85,-85,-85,-85,1350,700,147.36227503404996,16.38645061618698
624,1100,700,79.58884614432039,-85,-85,21.813356630230874,22.793695368992218,1350,700,163.74872565023693,16.38645061618698
625,1100,700,79.58884614432039,-85,-85,25.157178905256924,25.536951728381826,1350,700,180.1351762664239,16.38645061618698
626,1100,700,79.58884614432039,-85,-85,26.074956048612798,26.074956048612798,1350,700,196.5216268826109,16.38645061618698
627,1100,700,79.58884614432039,-85,-85,25.536951728381826,25.263344594616918,1350,700,212.90807749879787,16.38645061618698
628,1100,700,79.58884614432039,-85,-85,23.067302502757133,21.81335663023087,1350,700,229.29452811498484,16.38645061618698
629,1100,700,79.58884614432039,-85,-85,-85,-85,1350,700,245.68097873117182,16.38645061618698
630,1100,700,79.58884614432039,-85,-85,-85,-85,1350,700,262.0674293473588,16.38645061618698
631,1100,700,79.58884614432039,-85,-85,-85,-85,1350,700,278.45387996354583,16.38645061618698
632,1100,700,79.58884614432039,-85,-85,-85,-85,1350,700,294.84033057973284,16.38645061618698
633,1100,700,79.58884614432039,-85,-85,-85,-85,1350,700,311.22678119591984,16.38645061618698
634,1100,700,79.58884614432039,-85,-85,-85,-85,1350,700,327.61323181210685,16.38645061618698
635,1100,700,79.58884614432039,-85,-85,-85,-85,1350,700,343.99968242829385,16.38645061618698
636,1100,700,79.58884614432039,-85,-85,-85,-85,1350,700,0.3861330444808573,16.38645061618698
637,1100,700,79.58884614432039,-85,-85,-85,-85,1350,700,16.772583660667838,16.38645061618698
638,1100,700,79.58884614432039,-85,-85,-85,-85,1350,700,33.15903427685482,16.38645061618698
639,1100,700,79.58884614432039,-85,-85,-85,-85,1350,700,49.5454848930418,16.38645061618698
640,1100,700,79.58884614432039,-85,-85,-85,-85,1350,700,65.93193550922878,16.38645061618698
641,1100,700,79.58884614432039,-85,-85,-85,-85,1350,700,82.31838612541576,16.38645061618698
642,1100,700,79.58884614432039,-85,-85,-85,-85,1350,700,98.70483674160273,16.38645061618698
643,1100,700,79.58884614432039,-85,-85,-85,-85,1350,700,115.09128735778971,16.38645061618698
644,1100,700,79.58884614432039,-85,-85,-85,-85,1350,700,131.4777379739767,16.38645061618698
645,1100,700,79.58884614432039,-85,-85,-85,-85,1350,700,147.86418859016368,16.38645061618698
646,1100,700,79.58884614432039,-85,-85,21.813356630230874,23.06730250275713,1350,700,164.25063920635066,16.38645061618698
647,1100,700,79.58884614432039,-85,-85,25.26334459461691,25.536951728381826,1350,700,180.63708982253763,16.38645061618698
648,1100,700,79.58884614432039,-85,-85,26.074956048612798,26.074956048612798,1350,700,197.0235404387246,16.38645061618698
649,1100,700,79.58884614432039,-85,-85,25.452908776355446,25.157178905256924,1350,700,213.4099910549116,16.38645061618698
650,1100,700,79.58884614432039,-85,-85,22.793695368992225,21.81335663023087,1350,700,229.79644167109856,16.38645061618698
651,1100,700,79.58884614432039,-85,-85,-85,-85,1350,700,246.18289228728554,16.38645061618698
652,1100,700,79.58884614432039,-85,-85,-85,-85,1350,700,262.56934290347255,16.38645061618698
653,1100,700,79.58884614432039,-85,-85,-85,-85,1350,700,278.95579351965955,16.38645061618698
654,1100,700,79.58884614432039,-85,-85,-85,-85,1350,700,295.34224413584656,16.38645061618698
655,1100,700,79.58884614432039,-85,-85,-85,-85,1350,700,311.72869475203356,16.38645061618698
656,1100,700,79.58884614432039,-85,-85,-85,-85,1350,700,328.11514536822057,16.38645061618698
657,1100,700,79.58884614432039,-85,-85,-85,-85,1350,700,344.5015959844076,16.38645061618698
658,1100,700,79.58884614432039,-85,-85,-85,-85,1350,700,0.8880466005945777,16.38645061618698
659,1100,700,79.58884614432039,-85,-85,-85,-85,1350,700,17.27449721678156,16.38645061618698
660,1100,700,79.58884614432039,-85,-85,-85,-85,1350,700,33.66094783296854,16.38645061618698
661,1100,700,79.58884614432039,-85,-85,-85,-85,1350,700,50.04739844915552,16.38645061618698
662,1100,700,79.58884614432039,-85,-85,-85,-85,1350,700,66.4338490653425,16.38645061618698
663,1100,700,79.58884614432039,-85,-85,-85,-85,1350,700,82.82029968152948,16.38645061618698
664,1100,700,79.58884614432039,-85,-85,-85,-85,1350,700,99.20675029771645,16.38645061618698
665,1100,700,79.58884614432039,-85,-85,-85,-85,1350,700,115.59320091390343,16.38645061618698
666,1100,700,79.58884614432039,-85,-85,-85,-85,1350,700,131.97965153009042,16.38645061618698
667,1100,700,79.58884614432039,-85,-85,-85,-85,1350,700,148.3661021462774,16.38645061618698
668,1100,700,79.58884614432039,-85,-85,22.170735458799452,23.06730250275713,1350,700,164.75255276246438,16.38645061618698
669,1100,700,79.58884614432039,-85,-85,25.26334459461691,25.614204328866276,1350,700,181.13900337865135,16.38645061618698
670,1100,700,79.58884614432039,-85,-85,26.077602459396946,26.067010357935978,1350,700,197.52545399483833,16.38645061618698
671,1100,700,79.58884614432039,-85,-85,25.452908776355446,25.157178905256924,1350,700,213.9119046110253,16.38645061618698
672,1100,700,79.58884614432039,-85,-85,22.793695368992225,21.418119305852123,1350,700,230.29835522721228,16.38645061618698
673,1100,700,79.58884614432039,-85,-85,-85,-85,1350,700,246.68480584339926,16.38645061618698
674,1100,700,79.58884614432039,-85,-85,-85,-85,1350,700,263.07125645958627,16.38645061618698
675,1100,700,79.58884614432039,-85,-85,-85,-85,1350,700,279.45770707577327,16.38645061618698
676,1100,700,79.58884614432039,-85,-85,-85,-85,1350,700,295.8441576919603,16.38645061618698
677,1100,700,79.58884614432039,-85,-85,-85,-85,1350,700,312.2306083081473,16.38645061618698
678,1100,700,79.58884614432039,-85,-85,-85,-85,1350,700,328.6170589243343,16.38645061618698
679,1100,700,79.58884614432039,-85,-85,-85,-85,1350,700,345.0035095405213,16.38645061618698
680,1100,700,79.58884614432039,-85,-85,-85,-85,1350,700,1.3899601567082982,16.38645061618698
681,1100,700,79.58884614432039,-85,-85,-85,-85,1350,700,17.77641077289528,16.38645061618698
682,1100,700,79.58884614432039,-85,-85,-85,-85,1350,700,34.16286138908226,16.38645061618698
683,1100,700,79.58884614432039,-85,-85,-85,-85,1350,700,50.54931200526924,16.38645061618698
684,1100,700,79.58884614432039,-85,-85,-85,-85,1350,700,66.93576262145622,16.38645061618698
685,1100,700,79.58884614432039,-85,-85,-85,-85,1350,700,83.3222132376432,16.38645061618698
686,1100,700,79.58884614432039,-85,-85,-85,-85,1350,700,99.70866385383017,16.38645061618698
687,1100,700,79.58884614432039,-85,-85,-85,-85,1350,700,116.09511447001715,16.38645061618698
688,1100,700,79.58884614432039,-85,-85,-85,-85,1350,700,132.48156508620414,16.38645061618698
689,1100,700,79.58884614432039,-85,-85,-85,-85,1350,700,148.86801570239112,16.38645061618698
690,1100,700,79.58884614432039,-85,-85,22.170735458799452,23.31969953712386,1350,700,165.2544663185781,16.38645061618698
691,1100,700,79.58884614432039,-85,-85,25.36180729449956,25.614204328866276,1350,700,181.64091693476507,16.38645061618698
692,1100,700,79.58884614432039,-85,-85,26.077602459396946,26.067010357935978,1350,700,198.02736755095205,16.38645061618698
693,1100,700,79.58884614432039,-85,-85,25.361807294499556,25.042923900792417,1350,700,214.41381816713903,16.38645061618698
694,1100,700,79.58884614432039,-85,-85,22.496022074683278,21.418119305852123,1350,700,230.800268783326,16.38645061618698
695,1100,700,79.58884614432039,-85,-85,-85,-85,1350,700,247.18671939951298,16.38645061618698
696,1100,700,79.58884614432039,-85,-85,-85,-85,1350,700,263.5731700157,16.38645061618698
697,1100,700,79.58884614432039,-85,-85,-85,-85,1350,700,279.959620631887,16.38645061618698
698,1100,700,79.58884614432039,-85,-85,-85,-85,1350,700,296.346071248074,16.38645061618698
699,1100,700,79.58884614432039,-85,-85,-85,-85,1350,700,312.732521864261,16.38645061618698
700,1100,700,79.58884614432039,-85,-85,-85,-85,1350,700,329.118972480448,16.38645061618698
701,1100,700,79.58884614432039,-85,-85,-85,-85,1350,700,345.505423096635,16.38645061618698
702,1100,700,79.58884614432039,-85,-85,-85,-85,1350,700,1.8918737128220187,16.38645061618698
703,1100,700,79.58884614432039,-85,-85,-85,-85,1350,700,18.278324329009,16.38645061618698
704,1100,700,79.58884614432039,-85,-85,-85,-85,1350,700,34.66477494519598,16.38645061618698
705,1100,700,79.58884614432039,-85,-85,-85,-85,1350,700,51.051225561382964,16.38645061618698
706,1100,700,79.58884614432039,-85,-85,-85,-85,1350,700,67.43767617756994,16.38645061618698
707,1100,700,79.58884614432039,-85,-85,-85,-85,1350,700,83.82412679375692,16.38645061618698
708,1100,700,79.58884614432039,-85,-85,-85,-85,1350,700,100.2105774099439,16.38645061618698
709,1100,700,79.58884614432039,-85,-85,-85,-85,1350,700,116.59702802613087,16.38645061618698
710,1100,700,79.58884614432039,-85,-85,-85,-85,1350,700,132.98347864231786,16.38645061618698
711,1100,700,79.58884614432039,-85,-85,-85,-85,1350,700,149.36992925850484,16.38645061618698
712,1100,700,79.58884614432039,-85,-85,22.496022074683278,23.31969953712386,1350,700,165.75637987469182,16.38645061618698
713,1100,700,79.58884614432039,-85,-85,25.36180729449956,25.684904084789974,1350,700,182.1428304908788,16.38645061618698
714,1100,700,79.58884614432039,-85,-85,26.077602459396946,26.053745949214605,1350,700,198.52928110706577,16.38645061618698
715,1100,700,79.58884614432039,-85,-85,25.361807294499556,25.042923900792417,1350,700,214.91573172325275,16.38645061618698
716,1100,700,79.58884614432039,-85,-85,22.496022074683278,20.97742610025735,1350,700,231.30218233943972,16.38645061618698
717,1100,700,79.58884614432039,-85,-85,-85,-85,1350,700,247.6886329556267,16.38645061618698
718,1100,700,79.58884614432039,-85,-85,-85,-85,1350,700,264.0750835718137,16.38645061618698
719,1100,700,79.58884614432039,-85,-85,-85,-85,1350,700,280.4615341880007,16.38645061618698
720,1100,700,79.58884614432039,-85,-85,-85,-85,1350,700,296.8479848041877,16.38645061618698
721,1100,700,79.58884614432039,-85,-85,-85,-85,1350,700,313.2344354203747,16.38645061618698
722,1100,700,79.58884614432039,-85,-85,-85,-85,1350,700,329.6208860365617,16.38645061618698
723,1100,700,79.58884614432039,-85,-85,-85,-85,1350,700,346.00733665274873,16.38645061618698
724,1100,700,79.58884614432039,-85,-85,-85,-85,1350,700,2.393787268935739,16.38645061618698
725,1100,700,79.58884614432039,-85,-85,-85,-85,1350,700,18.78023788512272,16.38645061618698
726,1100,700,79.58884614432039,-85,-85,-85,-85,1350,700,35.1666885013097,16.38645061618698
727,1100,700,79.58884614432039,-85,-85,-85,-85,1350,700,51.553139117496684,16.38645061618698
728,1100,700,79.58884614432039,-85,-85,-85,-85,1350,700,67.93958973368366,16.38645061618698
729,1100,700,79.58884614432039,-85,-85,-85,-85,1350,700,84.32604034987064,16.38645061618698
730,1100,700,79.58884614432039,-85,-85,-85,-85,1350,700,100.71249096605762,16.38645061618698
731,1100,700,79.58884614432039,-85,-85,-85,-85,1350,700,117.09894158224459,16.38645061618698
732,1100,700,79.58884614432039,-85,-85,-85,-85,1350,700,133.48539219843158,16.38645061618698
733,1100,700,79.58884614432039,-85,-85,-85,-85,1350,700,149.87184281461856,16.38645061618698
734,1100,700,79.58884614432039,-85,-85,22.496022074683278,23.553218972269416,1350,700,166.25829343080554,16.38645061618698
735,1100,700,79.58884614432039,-85,-85,25.452908776355446,25.684904084789974,1350,700,182.6447440469925,16.38645061618698
736,1100,700,79.58884614432039,-85,-85,26.077602459396946,26.053745949214605,1350,700,199.0311946631795,16.38645061618698
737,1100,700,79.58884614432039,-85,-85,25.263344594616918,24.92014212493214,1350,700,215.41764527936647,16.38645061618698
738,1100,700,79.58884614432039,-85,-85,22.170735458799452,20.97742610025735,1350,700,231.80409589555344,16.38645061618698
739,1100,700,79.58884614432039,-85,-85,-85,-85,1350,700,248.19054651174042,16.38645061618698
740,1100,700,79.58884614432039,-85,-85,-85,-85,1350,700,264.5769971279274,16.38645061618698
741,1100,700,79.58884614432039,-85,-85,-85,-85,1350,700,280.96344774411443,16.38645061618698
742,1100,700,79.58884614432039,-85,-85,-85,-85,1350,700,297.34989836030144,16.38645061618698
743,1100,700,79.58884614432039,-85,-85,-85,-85,1350,700,313.73634897648844,16.38645061618698
744,1100,700,79.58884614432039,-85,-85,-85,-85,1350,700,330.12279959267545,16.38645061618698
745,1100,700,79.58884614432039,-85,-85,-85,-85,1350,700,346.50925020886245,16.38645061618698
746,1100,700,79.58884614432039,-85,-85,-85,-85,1350,700,2.8957008250494596,16.38645061618698
747,1100,700,79.58884614432039,-85,-85,-85,-85,1350,700,19.28215144123644,16.38645061618698
748,1100,700,79.58884614432039,-85,-85,-85,-85,1350,700,35.66860205742342,16.38645061618698
749,1100,700,79.58884614432039,-85,-85,-85,-85,1350,700,52.055052673610405,16.38645061618698
750,1100,700,79.58884614432039,-85,-85,-85,-85,1350,700,68.44150328979738,16.38645061618698
751,1100,700,79.58884614432039,-85,-85,-85,-85,1350,700,84.82795390598436,16.38645061618698
752,1100,700,79.58884614432039,-85,-85,-85,-85,1350,700,101.21440452217134,16.38645061618698
753,1100,700,79.58884614432039,-85,-85,-85,-85,1350,700,117.60085513835831,16.38645061618698
754,1100,700,79.58884614432039,-85,-85,-85,-85,1350,700,133.9873057545453,16.38645061618698
755,1100,700,79.58884614432039,-85,-85,-85,11.505794098357505,1350,700,150.37375637073228,16.38645061618698
756,1100,700,79.58884614432039,-85,-85,22.793695368992218,23.553218972269416,1350,700,166.76020698691926,16.38645061618698
757,1100,700,79.58884614432039,-85,-85,25.452908776355446,25.7492610641292,1350,700,183.14665760310623,16.38645061618698
758,1100,700,79.58884614432039,-85,-85,26.074956048612798,26.035130213615616,1350,700,199.5331082192932,16.38645061618698
759,1100,700,79.58884614432039,-85,-85,25.263344594616918,24.92014212493214,1350,700,215.9195588354802,16.38645061618698
760,1100,700,79.58884614432039,-85,-85,22.170735458799452,20.48098321025059,1350,700,232.30600945166717,16.38645061618698
761,1100,700,79.58884614432039,-85,-85,-85,-85,1350,700,248.69246006785414,16.38645061618698
762,1100,700,79.58884614432039,-85,-85,-85,-85,1350,700,265.07891068404115,16.38645061618698
763,1100,700,79.58884614432039,-85,-85,-85,-85,1350,700,281.46536130022815,16.38645061618698
764,1100,700,79.58884614432039,-85,-85,-85,-85,1350,700,297.85181191641516,16.38645061618698
765,1100,700,79.58884614432039,-85,-85,-85,-85,1350,700,314.23826253260216,16.38645061618698
766,1100,700,79.58884614432039,-85,-85,-85,-85,1350,700,330.62471314878917,16.38645061618698
767,1100,700,79.58884614432039,-85,-85,-85,-85,1350,700,347.0111637649762,16.38645061618698
768,1100,700,79.58884614432039,-85,-85,-85,-85,1350,700,3.39761438116318,16.38645061618698
769,1100,700,79.58884614432039,-85,-85,-85,-85,1350,700,19.78406499735016,16.38645061618698
770,1100,700,79.58884614432039,-85,-85,-85,-85,1350,700,36.17051561353714,16.38645061618698
771,1100,700,79.58884614432039,-85,-85,-85,-85,1350,700,52.556966229724125,16.38645061618698
772,1100,700,79.58884614432039,-85,-85,-85,-85,1350,700,68.9434168459111,16.38645061618698
773,1100,700,79.58884614432039,-85,-85,-85,-85,1350,700,85.32986746209808,16.38645061618698
774,1100,700,79.58884614432039,-85,-85,-85,-85,1350,700,101.71631807828506,16.38645061618698
775,1100,700,79.58884614432039,-85,-85,-85,-85,1350,700,118.10276869447203,16.38645061618698
776,1100,700,79.58884614432039,-85,-85,-85,-85,1350,700,134.48921931065902,16.38645061618698
777,1100,700,79.58884614432039,-85,-85,-85,11.505794098357505,1350,700,150.875669926846,16.38645061618698
778,1100,700,79.58884614432039,-85,-85,22.793695368992218,23.769789312347285,1350,700,167.26212054303298,16.38645061618698
779,1100,700,79.58884614432039,-85,-85,25.536951728381826,25.7492610641292,1350,700,183.64857115921996,16.38645061618698
780,1100,700,79.58884614432039,-85,-85,26.074956048612798,26.035130213615616,1350,700,200.03502177540693,16.38645061618698
781,1100,700,79.58884614432039,-85,-85,25.157178905256924,24.788337040832293,1350,700,216.4214723915939,16.38645061618698
782,1100,700,79.58884614432039,-85,-85,21.81335663023087,20.48098321025059,1350,700,232.8079230077809,16.38645061618698
783,1100,700,79.58884614432039,-85,-85,-85,-85,1350,700,249.19437362396786,16.38645061618698
784,1100,700,79.58884614432039,-85,-85,-85,-85,1350,700,265.58082424015487,16.38645061618698
785,1100,700,79.58884614432039,-85,-85,-85,-85,1350,700,281.9672748563419,16.38645061618698
786,1100,700,79.58884614432039,-85,-85,-85,-85,1350,700,298.3537254725289,16.38645061618698
787,1100,700,79.58884614432039,-85,-85,-85,-85,1350,700,314.7401760887159,16.38645061618698
788,1100,700,79.58884614432039,-85,-85,-85,-85,1350,700,331.1266267049029,16.38645061618698
789,1100,700,79.58884614432039,-85,-85,-85,-85,1350,700,347.5130773210899,16.38645061618698
790,1100,700,79.58884614432039,-85,-85,-85,-85,1350,700,3.8995279372769005,16.38645061618698
791,1100,700,79.58884614432039,-85,-85,-85,-85,1350,700,20.28597855346388,16.38645061618698
792,1100,700,79.58884614432039,-85,-85,-85,-85,1350,700,36.67242916965086,16.38645061618698
793,1100,700,79.58884614432039,-85,-85,-85,-85,1350,700,53.058879785837846,16.38645061618698
794,1100,700,79.58884614432039,-85,-85,-85,-85,1350,700,69.44533040202482,16.38645061618698
795,1100,700,79.58884614432039,-85,-85,-85,-85,1350,700,85.8317810182118,16.38645061618698
796,1100,700,79.58884614432039,-85,-85,-85,-85,1350,700,102.21823163439878,16.38645061618698
797,1100,700,79.58884614432039,-85,-85,-85,-85,1350,700,118.60468225058575,16.38645061618698
798,1100,700,79.58884614432039,-85,-85,-85,-85,1350,700,134.99113286677274,16.38645061618698
799,1100,700,79.58884614432039,-85,-85,-85,14.513447644213304,1350,700,151.37758348295972,16.38645061618698
800,1100,700,79.58884614432039,-85,-85,23.06730250275713,23.769789312347285,1350,700,167.7640340991467,16.38645061618698
801,1100,700,79.58884614432039,-85,-85,25.536951728381826,25.80746062382631,1350,700,184.15048471533368,16.38645061618698
802,1100,700,79.58884614432039,-85,-85,26.067010357935978,26.011117049096303,1350,700,200.53693533152065,16.38645061618698
803,1100,700,79.58884614432039,-85,-85,25.157178905256924,24.788337040832293,1350,700,216.92338594770763,16.38645061618698
804,1100,700,79.58884614432039,-85,-85,21.81335663023087,19.914354227256315,1350,700,233.3098365638946,16.38645061618698
805,1100,700,79.58884614432039,-85,-85,-85,-85,1350,700,249.69628718008158,16.38645061618698
806,1100,700,79.58884614432039,-85,-85,-85,-85,1350,700,266.0827377962686,16.38645061618698
807,1100,700,79.58884614432039,-85,-85,-85,-85,1350,700,282.4691884124556,16.38645061618698
808,1100,700,79.58884614432039,-85,-85,-85,-85,1350,700,298.8556390286426,16.38645061618698
809,1100,700,79.58884614432039,-85,-85,-85,-85,1350,700,315.2420896448296,16.38645061618698
810,1100,700,79.58884614432039,-85,-85,-85,-85,1350,700,331.6285402610166,16.38645061618698
811,1100,700,79.58884614432039,-85,-85,-85,-85,1350,700,348.0149908772036,16.38645061618698
812,1100,700,79.58884614432039,-85,-85,-85,-85,1350,700,4.401441493390621,16.38645061618698
813,1100,700,79.58884614432039,-85,-85,-85,-85,1350,700,20.7878921095776,16.38645061618698
814,1100,700,79.58884614432039,-85,-85,-85,-85,1350,700,37.17434272576458,16.38645061618698
815,1100,700,79.58884614432039,-85,-85,-85,-85,1350,700,53.560793341951566,16.38645061618698
816,1100,700,79.58884614432039,-85,-85,-85,-85,1350,700,69.94724395813854,16.38645061618698
817,1100,700,79.58884614432039,-85,-85,-85,-85,1350,700,86.33369457432552,16.38645061618698
818,1100,700,79.58884614432039,-85,-85,-85,-85,1350,700,102.7201451905125,16.38645061618698
819,1100,700,79.58884614432039,-85,-85,-85,-85,1350,700,119.10659580669947,16.38645061618698
820,1100,700,79.58884614432039,-85,-85,-85,-85,1350,700,135.49304642288647,16.38645061618698
821,1100,700,79.58884614432039,-85,-85,-85,14.513447644213304,1350,700,151.87949703907344,16.38645061618698
822,1100,700,79.58884614432039,-85,-85,23.06730250275713,23.971022246457757,1350,700,168.26594765526042,16.38645061618698
823,1100,700,79.58884614432039,-85,-85,25.614204328866276,25.80746062382631,1350,700,184.6523982714474,16.38645061618698
824,1100,700,79.58884614432039,-85,-85,26.067010357935978,26.011117049096303,1350,700,201.03884888763437,16.38645061618698
825,1100,700,79.58884614432039,-85,-85,25.042923900792417,24.646943359767004,1350,700,217.42529950382135,16.38645061618698
826,1100,700,79.58884614432039,-85,-85,21.418119305852123,19.914354227256315,1350,700,233.81175012000833,16.38645061618698
827,1100,700,79.58884614432039,-85,-85,-85,-85,1350,700,250.1982007361953,16.38645061618698
828,1100,700,79.58884614432039,-85,-85,-85,-85,1350,700,266.5846513523823,16.38645061618698
829,1100,700,79.58884614432039,-85,-85,-85,-85,1350,700,282.9711019685693,16.38645061618698
830,1100,700,79.58884614432039,-85,-85,-85,-85,1350,700,299.3575525847563,16.38645061618698
831,1100,700,79.58884614432039,-85,-85,-85,-85,1350,700,315.7440032009433,16.38645061618698
832,1100,700,79.58884614432039,-85,-85,-85,-85,1350,700,332.13045381713033,16.38645061618698
833,1100,700,79.58884614432039,-85,-85,-85,-85,1350,700,348.51690443331734,16.38645061618698
834,1100,700,79.58884614432039,-85,-85,-85,-85,1350,700,4.903355049504341,16.38645061618698
835,1100,700,79.58884614432039,-85,-85,-85,-85,1350,700,21.289805665691322,16.38645061618698
836,1100,700,79.58884614432039,-85,-85,-85,-85,1350,700,37.6762562818783,16.38645061618698
837,1100,700,79.58884614432039,-85,-85,-85,-85,1350,700,54.06270689806529,16.38645061618698
838,1100,700,79.58884614432039,-85,-85,-85,-85,1350,700,70.44915751425226,16.38645061618698
839,1100,700,79.58884614432039,-85,-85,-85,-85,1350,700,86.83560813043924,16.38645061618698
840,1100,700,79.58884614432039,-85,-85,-85,-85,1350,700,103.22205874662622,16.38645061618698
841,1100,700,79.58884614432039,-85,-85,-85,-85,1350,700,119.6085093628132,16.38645061618698
842,1100,700,79.58884614432039,-85,-85,-85,-85,1350,700,135.99495997900019,16.38645061618698
843,1100,700,79.58884614432039,-85,-85,-85,16.269948115724727,1350,700,152.38141059518716,16.38645061618698
844,1100,700,79.58884614432039,-85,-85,23.31969953712386,23.971022246457757,1350,700,168.76786121137414,16.38645061618698
845,1100,700,79.58884614432039,-85,-85,25.614204328866276,25.859665714847075,1350,700,185.15431182756112,16.38645061618698
846,1100,700,79.58884614432039,-85,-85,26.053745949214605,25.9816463993744,1350,700,201.5407624437481,16.38645061618698
847,1100,700,79.58884614432039,-85,-85,25.042923900792417,24.646943359767004,1350,700,217.92721305993507,16.38645061618698
848,1100,700,79.58884614432039,-85,-85,21.418119305852123,19.25639156218219,1350,700,234.31366367612205,16.38645061618698
849,1100,700,79.58884614432039,-85,-85,-85,-85,1350,700,250.70011429230902,16.38645061618698
850,1100,700,79.58884614432039,-85,-85,-85,-85,1350,700,267.08656490849603,16.38645061618698
851,1100,700,79.58884614432039,-85,-85,-85,-85,1350,700,283.47301552468303,16.38645061618698
852,1100,700,79.58884614432039,-85,-85,-85,-85,1350,700,299.85946614087004,16.38645061618698
853,1100,700,79.58884614432039,-85,-85,-85,-85,1350,700,316.24591675705705,16.38645061618698
854,1100,700,79.58884614432039,-85,-85,-85,-85,1350,700,332.63236737324405,16.38645061618698
855,1100,700,79.58884614432039,-85,-85,-85,-85,1350,700,349.01881798943106,16.38645061618698
856,1100,700,79.58884614432039,-85,-85,-85,-85,1350,700,5.405268605618062,16.38645061618698
857,1100,700,79.58884614432039,-85,-85,-85,-85,1350,700,21.791719221805042,16.38645061618698
858,1100,700,79.58884614432039,-85,-85,-85,-85,1350,700,38.17816983799202,16.38645061618698
859,1100,700,79.58884614432039,-85,-85,-85,-85,1350,700,54.56462045417901,16.38645061618698
860,1100,700,79.58884614432039,-85,-85,-85,-85,1350,700,70.95107107036598,16.38645061618698
861,1100,700,79.58884614432039,-85,-85,-85,-85,1350,700,87.33752168655296,16.38645061618698
862,1100,700,79.58884614432039,-85,-85,-85,-85,1350,700,103.72397230273994,16.38645061618698
863,1100,700,79.58884614432039,-85,-85,-85,-85,1350,700,120.11042291892691,16.38645061618698
864,1100,700,79.58884614432039,-85,-85,-85,-85,1350,700,136.4968735351139,16.38645061618698
865,1100,700,79.58884614432039,-85,-85,-85,16.269948115724727,1350,700,152.88332415130088,16.38645061618698
866,1100,700,79.58884614432039,-85,-85,23.31969953712386,24.1582774269213,1350,700,169.26977476748786,16.38645061618698
867,1100,700,79.58884614432039,-85,-85,25.684904084789974,25.859665714847075,1350,700,185.65622538367484,16.38645061618698
868,1100,700,79.58884614432039,-85,-85,26.053745949214605,25.946643644493044,1350,700,202.0426759998618,16.38645061618698
869,1100,700,79.58884614432039,-85,-85,24.92014212493214,24.495315191602927,1350,700,218.4291266160488,16.38645061618698
870,1100,700,79.58884614432039,-85,-85,20.97742610025735,19.25639156218219,1350,700,234.81557723223577,16.38645061618698
871,1100,700,79.58884614432039,-85,-85,-85,-85,1350,700,251.20202784842274,16.38645061618698
872,1100,700,79.58884614432039,-85,-85,-85,-85,1350,700,267.58847846460975,16.38645061618698
873,1100,700,79.58884614432039,-85,-85,-85,-85,1350,700,283.97492908079676,16.38645061618698
874,1100,700,79.58884614432039,-85,-85,-85,-85,1350,700,300.36137969698376,16.38645061618698
875,1100,700,79.58884614432039,-85,-85,-85,-85,1350,700,316.74783031317077,16.38645061618698
876,1100,700,79.58884614432039,-85,-85,-85,-85,1350,700,333.1342809293578,16.38645061618698
877,1100,700,79.58884614432039,-85,-85,-85,-85,1350,700,349.5207315455448,16.38645061618698
878,1100,700,79.58884614432039,-85,-85,-85,-85,1350,700,5.907182161731782,16.38645061618698
879,1100,700,79.58884614432039,-85,-85,-85,-85,1350,700,22.293632777918763,16.38645061618698
880,1100,700,79.58884614432039,-85,-85,-85,-85,1350,700,38.68008339410574,16.38645061618698
881,1100,700,79.58884614432039,-85,-85,-85,-85,1350,700,55.06653401029273,16.38645061618698
882,1100,700,79.58884614432039,-85,-85,-85,-85,1350,700,71.4529846264797,16.38645061618698
883,1100,700,79.58884614432039,-85,-85,-85,-85,1350,700,87.83943524266668,16.38645061618698
884,1100,700,79.58884614432039,-85,-85,-85,-85,1350,700,104.22588585885366,16.38645061618698
885,1100,700,79.58884614432039,-85,-85,-85,-85,1350,700,120.61233647504064,16.38645061618698
886,1100,700,79.58884614432039,-85,-85,-85,-85,1350,700,136.99878709122763,16.38645061618698
887,1100,700,79.58884614432039,-85,-85,11.505794098357505,17.513155499392102,1350,700,153.3852377074146,16.38645061618698
888,1100,700,79.58884614432039,-85,-85,23.553218972269416,24.1582774269213,1350,700,169.77168832360158,16.38645061618698
889,1100,700,79.58884614432039,-85,-85,25.684904084789974,25.906018829630398,1350,700,186.15813893978856,16.38645061618698
890,1100,700,79.58884614432039,-85,-85,26.035130213615616,25.946643644493044,1350,700,202.54458955597553,16.38645061618698
891,1100,700,79.58884614432039,-85,-85,24.92014212493214,24.495315191602927,1350,700,218.9310401721625,16.38645061618698
892,1100,700,79.58884614432039,-85,-85,20.48098321025059,18.474304759512954,1350,700,235.3174907883495,16.38645061618698
893,1100,700,79.58884614432039,-85,-85,-85,-85,1350,700,251.70394140453647,16.38645061618698
894,1100,700,79.58884614432039,-85,-85,-85,-85,1350,700,268.09039202072347,16.38645061618698
895,1100,700,79.58884614432039,-85,-85,-85,-85,1350,700,284.4768426369105,16.38645061618698
896,1100,700,79.58884614432039,-85,-85,-85,-85,1350,700,300.8632932530975,16.38645061618698
897,1100,700,79.58884614432039,-85,-85,-85,-85,1350,700,317.2497438692845,16.38645061618698
898,1100,700,79.58884614432039,-85,-85,-85,-85,1350,700,333.6361944854715,16.38645061618698
899,1100,700,79.58884614432039,-85,-85,-85,-85,1350,700,350.0226451016585,16.38645061618698
900,1100,700,79.58884614432039,-85,-85,-85,-85,1350,700,6.409095717845503,16.38645061618698
901,1100,700,79.58884614432039,-85,-85,-85,-85,1350,700,22.795546334032483,16.38645061618698
902,1100,700,79.58884614432039,-85,-85,-85,-85,1350,700,39.181996950219464,16.38645061618698
903,1100,700,79.58884614432039,-85,-85,-85,-85,1350,700,55.56844756640645,16.38645061618698
904,1100,700,79.58884614432039,-85,-85,-85,-85,1350,700,71.95489818259342,16.38645061618698
905,1100,700,79.58884614432039,-85,-85,-85,-85,1350,700,88.3413487987804,16.38645061618698
906,1100,700,79.58884614432039,-85,-85,-85,-85,1350,700,104.72779941496738,16.38645061618698
907,1100,700,79.58884614432039,-85,-85,-85,-85,1350,700,121.11425003115436,16.38645061618698
908,1100,700,79.58884614432039,-85,-85,-85,-85,1350,700,137.50070064734135,16.38645061618698
909,1100,700,79.58884614432039,-85,-85,11.505794098357505,17.513155499392102,1350,700,153.88715126352832,16.38645061618698
910,1100,700,79.58884614432039,-85,-85,23.553218972269416,24.33271141113945,1350,700,170.2736018797153,16.38645061618698
911,1100,700,79.58884614432039,-85,-85,25.7492610641292,25.906018829630398,1350,700,186.66005249590228,16.38645061618698
912,1100,700,79.58884614432039,-85,-85,26.035130213615616,25.906018829630398,1350,700,203.04650311208925,16.38645061618698
913,1100,700,79.58884614432039,-85,-85,24.788337040832293,24.332711411139446,1350,700,219.43295372827623,16.38645061618698
914,1100,700,79.58884614432039,-85,-85,20.48098321025059,18.474304759512954,1350,700,235.8194043444632,16.38645061618698
915,1100,700,79.58884614432039,-85,-85,-85,-85,1350,700,252.20585496065019,16.38645061618698
916,1100,700,79.58884614432039,-85,-85,-85,-85,1350,700,268.5923055768372,16.38645061618698
917,1100,700,79.58884614432039,-85,-85,-85,-85,1350,700,284.9787561930242,16.38645061618698
918,1100,700,79.58884614432039,-85,-85,-85,-85,1350,700,301.3652068092112,16.38645061618698
919,1100,700,79.58884614432039,-85,-85,-85,-85,1350,700,317.7516574253982,16.38645061618698
920,1100,700,79.58884614432039,-85,-85,-85,-85,1350,700,334.1381080415852,16.38645061618698
921,1100,700,79.58884614432039,-85,-85,-85,-85,1350,700,350.5245586577722,16.38645061618698
922,1100,700,79.58884614432039,-85,-85,-85,-85,1350,700,6.911009273959223,16.38645061618698
923,1100,700,79.58884614432039,-85,-85,-85,-85,1350,700,23.297459890146204,16.38645061618698
924,1100,700,79.58884614432039,-85,-85,-85,-85,1350,700,39.683910506333184,16.38645061618698
925,1100,700,79.58884614432039,-85,-85,-85,-85,1350,700,56.07036112252017,16.38645061618698
926,1100,700,79.58884614432039,-85,-85,-85,-85,1350,700,72.45681173870715,16.38645061618698
927,1100,700,79.58884614432039,-85,-85,-85,-85,1350,700,88.84326235489412,16.38645061618698
928,1100,700,79.58884614432039,-85,-85,-85,-85,1350,700,105.2297129710811,16.38645061618698
929,1100,700,79.58884614432039,-85,-85,-85,-85,1350,700,121.61616358726808,16.38645061618698
930,1100,700,79.58884614432039,-85,-85,-85,-85,1350,700,138.00261420345507,16.38645061618698
931,1100,700,79.58884614432039,-85,-85,14.513447644213304,18.47430475951294,1350,700,154.38906481964204,16.38645061618698
932,1100,700,79.58884614432039,-85,-85,23.769789312347285,24.33271141113945,1350,700,170.77551543582902,16.38645061618698
933,1100,700,79.58884614432039,-85,-85,25.7492610641292,25.946643644493044,1350,700,187.161966052016,16.38645061618698
934,1100,700,79.58884614432039,-85,-85,26.011117049096303,25.906018829630398,1350,700,203.54841666820298,16.38645061618698
935,1100,700,79.58884614432039,-85,-85,24.788337040832293,24.332711411139446,1350,700,219.93486728438995,16.38645061618698
936,1100,700,79.58884614432039,-85,-85,19.914354227256315,17.51315549939211,1350,700,236.32131790057693,16.38645061618698
937,1100,700,79.58884614432039,-85,-85,-85,-85,1350,700,252.7077685167639,16.38645061618698
938,1100,700,79.58884614432039,-85,-85,-85,-85,1350,700,269.0942191329509,16.38645061618698
939,1100,700,79.58884614432039,-85,-85,-85,-85,1350,700,285.4806697491379,16.38645061618698
940,1100,700,79.58884614432039,-85,-85,-85,-85,1350,700,301.8671203653249,16.38645061618698
941,1100,700,79.58884614432039,-85,-85,-85,-85,1350,700,318.2535709815119,16.38645061618698
942,1100,700,79.58884614432039,-85,-85,-85,-85,1350,700,334.64002159769893,16.38645061618698
943,1100,700,79.58884614432039,-85,-85,-85,-85,1350,700,351.02647221388594,16.38645061618698
944,1100,700,79.58884614432039,-85,-85,-85,-85,1350,700,7.412922830072944,16.38645061618698
945,1100,700,79.58884614432039,-85,-85,-85,-85,1350,700,23.799373446259924,16.38645061618698
946,1100,700,79.58884614432039,-85,-85,-85,-85,1350,700,40.185824062446905,16.38645061618698
947,1100,700,79.58884614432039,-85,-85,-85,-85,1350,700,56.57227467863389,16.38645061618698
948,1100,700,79.58884614432039,-85,-85,-85,-85,1350,700,72.95872529482087,16.38645061618698
949,1100,700,79.58884614432039,-85,-85,-85,-85,1350,700,89.34517591100784,16.38645061618698
950,1100,700,79.58884614432039,-85,-85,-85,-85,1350,700,105.73162652719482,16.38645061618698
951,1100,700,79.58884614432039,-85,-85,-85,-85,1350,700,122.1180771433818,16.38645061618698
952,1100,700,79.58884614432039,-85,-85,-85,-85,1350,700,138.5045277595688,16.38645061618698
953,1100,700,79.58884614432039,-85,-85,14.513447644213304,18.47430475951294,1350,700,154.89097837575576,16.38645061618698
954,1100,700,79.58884614432039,-85,-85,23.769789312347285,24.495315191602927,1350,700,171.27742899194274,16.38645061618698
955,1100,700,79.58884614432039,-85,-85,25.80746062382631,25.946643644493044,1350,700,187.66387960812972,16.38645061618698
956,1100,700,79.58884614432039,-85,-85,26.011117049096303,25.859665714847075,1350,700,204.0503302243167,16.38645061618698
957,1100,700,79.58884614432039,-85,-85,24.646943359767004,24.1582774269213,1350,700,220.43678084050367,16.38645061618698
958,1100,700,79.58884614432039,-85,-85,19.914354227256315,17.51315549939211,1350,700,236.82323145669065,16.38645061618698
959,1100,700,79.58884614432039,-85,-85,-85,-85,1350,700,253.20968207287763,16.38645061618698
960,1100,700,79.58884614432039,-85,-85,-85,-85,1350,700,269.59613268906463,16.38645061618698
961,1100,700,79.58884614432039,-85,-85,-85,-85,1350,700,285.98258330525164,16.38645061618698
962,1100,700,79.58884614432039,-85,-85,-85,-85,1350,700,302.36903392143864,16.38645061618698
963,1100,700,79.58884614432039,-85,-85,-85,-85,1350,700,318.75548453762565,16.38645061618698
964,1100,700,79.58884614432039,-85,-85,-85,-85,1350,700,335.14193515381265,16.38645061618698
965,1100,700,79.58884614432039,-85,-85,-85,-85,1350,700,351.52838576999966,16.38645061618698
966,1100,700,79.58884614432039,-85,-85,-85,-85,1350,700,7.914836386186664,16.38645061618698
967,1100,700,79.58884614432039,-85,-85,-85,-85,1350,700,24.301287002373645,16.38645061618698
968,1100,700,79.58884614432039,-85,-85,-85,-85,1350,700,40.687737618560625,16.38645061618698
969,1100,700,79.58884614432039,-85,-85,-85,-85,1350,700,57.07418823474761,16.38645061618698
970,1100,700,79.58884614432039,-85,-85,-85,-85,1350,700,73.46063885093459,16.38645061618698
971,1100,700,79.58884614432039,-85,-85,-85,-85,1350,700,89.84708946712156,16.38645061618698
972,1100,700,79.58884614432039,-85,-85,-85,-85,1350,700,106.23354008330854,16.38645061618698
973,1100,700,79.58884614432039,-85,-85,-85,-85,1350,700,122.61999069949552,16.38645061618698
974,1100,700,79.58884614432039,-85,-85,-85,-85,1350,700,139.0064413156825,16.38645061618698
975,1100,700,79.58884614432039,-85,-85,16.269948115724727,19.25639156218217,1350,700,155.39289193186949,16.38645061618698
976,1100,700,79.58884614432039,-85,-85,23.971022246457757,24.495315191602927,1350,700,171.77934254805646,16.38645061618698
977,1100,700,79.58884614432039,-85,-85,25.80746062382631,25.9816463993744,1350,700,188.16579316424344,16.38645061618698
978,1100,700,79.58884614432039,-85,-85,25.9816463993744,25.859665714847075,1350,700,204.55224378043042,16.38645061618698
979,1100,700,79.58884614432039,-85,-85,24.646943359767004,24.1582774269213,1350,700,220.9386943966174,16.38645061618698
980,1100,700,79.58884614432039,-85,-85,19.25639156218219,16.269948115724716,1350,700,237.32514501280437,16.38645061618698
981,1100,700,79.58884614432039,-85,-85,-85,-85,1350,700,253.71159562899135,16.38645061618698
982,1100,700,79.58884614432039,-85,-85,-85,-85,1350,700,270.09804624517835,16.38645061618698
983,1100,700,79.58884614432039,-85,-85,-85,-85,1350,700,286.48449686136536,16.38645061618698
984,1100,700,79.58884614432039,-85,-85,-85,-85,1350,700,302.87094747755236,16.38645061618698
985,1100,700,79.58884614432039,-85,-85,-85,-85,1350,700,319.25739809373937,16.38645061618698
986,1100,700,79.58884614432039,-85,-85,-85,-85,1350,700,335.6438487099264,16.38645061618698
987,1100,700,79.58884614432039,-85,-85,-85,-85,1350,700,352.0302993261134,16.38645061618698
988,1100,700,79.58884614432039,-85,-85,-85,-85,1350,700,8.416749942300385,16.38645061618698
989,1100,700,79.58884614432039,-85,-85,-85,-85,1350,700,24.803200558487365,16.38645061618698
990,1100,700,79.58884614432039,-85,-85,-85,-85,1350,700,41.189651174674346,16.38645061618698
991,1100,700,79.58884614432039,-85,-85,-85,-85,1350,700,57.57610179086133,16.38645061618698
992,1100,700,79.58884614432039,-85,-85,-85,-85,1350,700,73.9625524070483,16.38645061618698
993,1100,700,79.58884614432039,-85,-85,-85,-85,1350,700,90.34900302323528,16.38645061618698
994,1100,700,79.58884614432039,-85,-85,-85,-85,1350,700,106.73545363942226,16.38645061618698
995,1100,700,79.58884614432039,-85,-85,-85,-85,1350,700,123.12190425560924,16.38645061618698
996,1100,700,79.58884614432039,-85,-85,-85,-85,1350,700,139.50835487179623,16.38645061618698
997,1100,700,79.58884614432039,-85,-85,16.269948115724727,19.25639156218217,1350,700,155.8948054879832,16.38645061618698
998,1100,700,79.58884614432039,-85,-85,23.971022246457757,24.646943359767004,1350,700,172.28125610417018,16.38645061618698
999,1100,700,79.58884614432039,-85,-85,25.859665714847075,25.9816463993744,1350,700,188.66770672035716,16.38645061618698
